grant_id,tutorial_step_id,line_no,reward_type,reward_id,quantity,status,enabled
GRANT_TUTORIAL_INJURY_SAFETY,TUT_03_REGION_R01_PERMISSION,1,PROGRESSION_FLAG,FLAG_TUTORIAL_FIRST_INJURY_INSTANT_TREATMENT,1,CONFIRMED,TRUE
GRANT_TUTORIAL_BLACKSMITH_BUILD_GOLD,TUT_05_RETURN_AND_SELL,1,CURRENCY,KINGDOM_GOLD,800,TUNABLE,TRUE
GRANT_TUTORIAL_BASIC_WEAPON_MATERIALS,TUT_05_RETURN_AND_SELL,1,ITEM,MAT_R01_SOFTWOOD,4,TUNABLE,TRUE
GRANT_TUTORIAL_BASIC_WEAPON_MATERIALS,TUT_05_RETURN_AND_SELL,2,ITEM,MAT_R01_WOLF_FANG,2,TUNABLE,TRUE
GRANT_TUTORIAL_FIRST_ENHANCEMENT_STONE,TUT_06_CRAFT_BASIC_WEAPON,1,ITEM,MAT_ENHANCE_1,1,TUNABLE,TRUE
GRANT_TUTORIAL_ALCHEMY_BUILD_GOLD,TUT_07_EQUIP_BASIC_WEAPON,1,CURRENCY,KINGDOM_GOLD,1000,TUNABLE,TRUE
GRANT_TUTORIAL_HEAL_SMALL_MATERIALS,TUT_07_EQUIP_BASIC_WEAPON,1,ITEM,MAT_R01_WILD_HERB,2,TUNABLE,TRUE
GRANT_TUTORIAL_HEAL_SMALL_MATERIALS,TUT_07_EQUIP_BASIC_WEAPON,2,ITEM,MAT_R01_SLIME_GEL,1,TUNABLE,TRUE
GRANT_TUTORIAL_FIRST_PROMOTION_TOKEN,TUT_08_CRAFT_HEAL_POTION,1,ITEM,MAT_PROMO_BRONZE_EMBLEM,1,TUNABLE,TRUE
