rank_id,level,xp_to_next,cumulative_xp,status,enabled
RANK_APPRENTICE,1,20,0,TUNABLE,TRUE
RANK_APPRENTICE,2,24,20,TUNABLE,TRUE
RANK_APPRENTICE,3,30,44,TUNABLE,TRUE
RANK_APPRENTICE,4,36,74,TUNABLE,TRUE
RANK_APPRENTICE,5,44,110,TUNABLE,TRUE
RANK_APPRENTICE,6,52,154,TUNABLE,TRUE
RANK_APPRENTICE,7,62,206,TUNABLE,TRUE
RANK_APPRENTICE,8,72,268,TUNABLE,TRUE
RANK_APPRENTICE,9,84,340,TUNABLE,TRUE
RANK_APPRENTICE,10,96,424,TUNABLE,TRUE
RANK_APPRENTICE,11,110,520,TUNABLE,TRUE
RANK_APPRENTICE,12,124,630,TUNABLE,TRUE
RANK_APPRENTICE,13,140,754,TUNABLE,TRUE
RANK_APPRENTICE,14,156,894,TUNABLE,TRUE
RANK_APPRENTICE,15,174,1050,TUNABLE,TRUE
RANK_APPRENTICE,16,192,1224,TUNABLE,TRUE
RANK_APPRENTICE,17,212,1416,TUNABLE,TRUE
RANK_APPRENTICE,18,232,1628,TUNABLE,TRUE
RANK_APPRENTICE,19,254,1860,TUNABLE,TRUE
RANK_APPRENTICE,20,0,2114,TUNABLE,TRUE
RANK_REGULAR,1,40,0,TUNABLE,TRUE
RANK_REGULAR,2,49,40,TUNABLE,TRUE
RANK_REGULAR,3,60,89,TUNABLE,TRUE
RANK_REGULAR,4,73,149,TUNABLE,TRUE
RANK_REGULAR,5,88,222,TUNABLE,TRUE
RANK_REGULAR,6,105,310,TUNABLE,TRUE
RANK_REGULAR,7,124,415,TUNABLE,TRUE
RANK_REGULAR,8,145,539,TUNABLE,TRUE
RANK_REGULAR,9,168,684,TUNABLE,TRUE
RANK_REGULAR,10,193,852,TUNABLE,TRUE
RANK_REGULAR,11,220,1045,TUNABLE,TRUE
RANK_REGULAR,12,249,1265,TUNABLE,TRUE
RANK_REGULAR,13,280,1514,TUNABLE,TRUE
RANK_REGULAR,14,313,1794,TUNABLE,TRUE
RANK_REGULAR,15,348,2107,TUNABLE,TRUE
RANK_REGULAR,16,385,2455,TUNABLE,TRUE
RANK_REGULAR,17,424,2840,TUNABLE,TRUE
RANK_REGULAR,18,465,3264,TUNABLE,TRUE
RANK_REGULAR,19,508,3729,TUNABLE,TRUE
RANK_REGULAR,20,553,4237,TUNABLE,TRUE
RANK_REGULAR,21,600,4790,TUNABLE,TRUE
RANK_REGULAR,22,649,5390,TUNABLE,TRUE
RANK_REGULAR,23,700,6039,TUNABLE,TRUE
RANK_REGULAR,24,753,6739,TUNABLE,TRUE
RANK_REGULAR,25,808,7492,TUNABLE,TRUE
RANK_REGULAR,26,865,8300,TUNABLE,TRUE
RANK_REGULAR,27,924,9165,TUNABLE,TRUE
RANK_REGULAR,28,985,10089,TUNABLE,TRUE
RANK_REGULAR,29,1048,11074,TUNABLE,TRUE
RANK_REGULAR,30,0,12122,TUNABLE,TRUE
RANK_SKILLED,1,60,0,TUNABLE,TRUE
RANK_SKILLED,2,73,60,TUNABLE,TRUE
RANK_SKILLED,3,90,133,TUNABLE,TRUE
RANK_SKILLED,4,109,223,TUNABLE,TRUE
RANK_SKILLED,5,132,332,TUNABLE,TRUE
RANK_SKILLED,6,157,464,TUNABLE,TRUE
RANK_SKILLED,7,186,621,TUNABLE,TRUE
RANK_SKILLED,8,217,807,TUNABLE,TRUE
RANK_SKILLED,9,252,1024,TUNABLE,TRUE
RANK_SKILLED,10,289,1276,TUNABLE,TRUE
RANK_SKILLED,11,330,1565,TUNABLE,TRUE
RANK_SKILLED,12,373,1895,TUNABLE,TRUE
RANK_SKILLED,13,420,2268,TUNABLE,TRUE
RANK_SKILLED,14,469,2688,TUNABLE,TRUE
RANK_SKILLED,15,522,3157,TUNABLE,TRUE
RANK_SKILLED,16,577,3679,TUNABLE,TRUE
RANK_SKILLED,17,636,4256,TUNABLE,TRUE
RANK_SKILLED,18,697,4892,TUNABLE,TRUE
RANK_SKILLED,19,762,5589,TUNABLE,TRUE
RANK_SKILLED,20,829,6351,TUNABLE,TRUE
RANK_SKILLED,21,900,7180,TUNABLE,TRUE
RANK_SKILLED,22,973,8080,TUNABLE,TRUE
RANK_SKILLED,23,1050,9053,TUNABLE,TRUE
RANK_SKILLED,24,1129,10103,TUNABLE,TRUE
RANK_SKILLED,25,1212,11232,TUNABLE,TRUE
RANK_SKILLED,26,1297,12444,TUNABLE,TRUE
RANK_SKILLED,27,1386,13741,TUNABLE,TRUE
RANK_SKILLED,28,1477,15127,TUNABLE,TRUE
RANK_SKILLED,29,1572,16604,TUNABLE,TRUE
RANK_SKILLED,30,1669,18176,TUNABLE,TRUE
RANK_SKILLED,31,1770,19845,TUNABLE,TRUE
RANK_SKILLED,32,1873,21615,TUNABLE,TRUE
RANK_SKILLED,33,1980,23488,TUNABLE,TRUE
RANK_SKILLED,34,2089,25468,TUNABLE,TRUE
RANK_SKILLED,35,2202,27557,TUNABLE,TRUE
RANK_SKILLED,36,2317,29759,TUNABLE,TRUE
RANK_SKILLED,37,2436,32076,TUNABLE,TRUE
RANK_SKILLED,38,2557,34512,TUNABLE,TRUE
RANK_SKILLED,39,2682,37069,TUNABLE,TRUE
RANK_SKILLED,40,0,39751,TUNABLE,TRUE
RANK_ELITE,1,80,0,TUNABLE,TRUE
RANK_ELITE,2,98,80,TUNABLE,TRUE
RANK_ELITE,3,120,178,TUNABLE,TRUE
RANK_ELITE,4,146,298,TUNABLE,TRUE
RANK_ELITE,5,176,444,TUNABLE,TRUE
RANK_ELITE,6,210,620,TUNABLE,TRUE
RANK_ELITE,7,248,830,TUNABLE,TRUE
RANK_ELITE,8,290,1078,TUNABLE,TRUE
RANK_ELITE,9,336,1368,TUNABLE,TRUE
RANK_ELITE,10,386,1704,TUNABLE,TRUE
RANK_ELITE,11,440,2090,TUNABLE,TRUE
RANK_ELITE,12,498,2530,TUNABLE,TRUE
RANK_ELITE,13,560,3028,TUNABLE,TRUE
RANK_ELITE,14,626,3588,TUNABLE,TRUE
RANK_ELITE,15,696,4214,TUNABLE,TRUE
RANK_ELITE,16,770,4910,TUNABLE,TRUE
RANK_ELITE,17,848,5680,TUNABLE,TRUE
RANK_ELITE,18,930,6528,TUNABLE,TRUE
RANK_ELITE,19,1016,7458,TUNABLE,TRUE
RANK_ELITE,20,1106,8474,TUNABLE,TRUE
RANK_ELITE,21,1200,9580,TUNABLE,TRUE
RANK_ELITE,22,1298,10780,TUNABLE,TRUE
RANK_ELITE,23,1400,12078,TUNABLE,TRUE
RANK_ELITE,24,1506,13478,TUNABLE,TRUE
RANK_ELITE,25,1616,14984,TUNABLE,TRUE
RANK_ELITE,26,1730,16600,TUNABLE,TRUE
RANK_ELITE,27,1848,18330,TUNABLE,TRUE
RANK_ELITE,28,1970,20178,TUNABLE,TRUE
RANK_ELITE,29,2096,22148,TUNABLE,TRUE
RANK_ELITE,30,2226,24244,TUNABLE,TRUE
RANK_ELITE,31,2360,26470,TUNABLE,TRUE
RANK_ELITE,32,2498,28830,TUNABLE,TRUE
RANK_ELITE,33,2640,31328,TUNABLE,TRUE
RANK_ELITE,34,2786,33968,TUNABLE,TRUE
RANK_ELITE,35,2936,36754,TUNABLE,TRUE
RANK_ELITE,36,3090,39690,TUNABLE,TRUE
RANK_ELITE,37,3248,42780,TUNABLE,TRUE
RANK_ELITE,38,3410,46028,TUNABLE,TRUE
RANK_ELITE,39,3576,49438,TUNABLE,TRUE
RANK_ELITE,40,3746,53014,TUNABLE,TRUE
RANK_ELITE,41,3920,56760,TUNABLE,TRUE
RANK_ELITE,42,4098,60680,TUNABLE,TRUE
RANK_ELITE,43,4280,64778,TUNABLE,TRUE
RANK_ELITE,44,4466,69058,TUNABLE,TRUE
RANK_ELITE,45,4656,73524,TUNABLE,TRUE
RANK_ELITE,46,4850,78180,TUNABLE,TRUE
RANK_ELITE,47,5048,83030,TUNABLE,TRUE
RANK_ELITE,48,5250,88078,TUNABLE,TRUE
RANK_ELITE,49,5456,93328,TUNABLE,TRUE
RANK_ELITE,50,0,98784,TUNABLE,TRUE
RANK_HERO,1,100,0,TUNABLE,TRUE
RANK_HERO,2,122,100,TUNABLE,TRUE
RANK_HERO,3,150,222,TUNABLE,TRUE
RANK_HERO,4,182,372,TUNABLE,TRUE
RANK_HERO,5,220,554,TUNABLE,TRUE
RANK_HERO,6,262,774,TUNABLE,TRUE
RANK_HERO,7,310,1036,TUNABLE,TRUE
RANK_HERO,8,362,1346,TUNABLE,TRUE
RANK_HERO,9,420,1708,TUNABLE,TRUE
RANK_HERO,10,482,2128,TUNABLE,TRUE
RANK_HERO,11,550,2610,TUNABLE,TRUE
RANK_HERO,12,622,3160,TUNABLE,TRUE
RANK_HERO,13,700,3782,TUNABLE,TRUE
RANK_HERO,14,782,4482,TUNABLE,TRUE
RANK_HERO,15,870,5264,TUNABLE,TRUE
RANK_HERO,16,962,6134,TUNABLE,TRUE
RANK_HERO,17,1060,7096,TUNABLE,TRUE
RANK_HERO,18,1162,8156,TUNABLE,TRUE
RANK_HERO,19,1270,9318,TUNABLE,TRUE
RANK_HERO,20,1382,10588,TUNABLE,TRUE
RANK_HERO,21,1500,11970,TUNABLE,TRUE
RANK_HERO,22,1622,13470,TUNABLE,TRUE
RANK_HERO,23,1750,15092,TUNABLE,TRUE
RANK_HERO,24,1882,16842,TUNABLE,TRUE
RANK_HERO,25,2020,18724,TUNABLE,TRUE
RANK_HERO,26,2162,20744,TUNABLE,TRUE
RANK_HERO,27,2310,22906,TUNABLE,TRUE
RANK_HERO,28,2462,25216,TUNABLE,TRUE
RANK_HERO,29,2620,27678,TUNABLE,TRUE
RANK_HERO,30,2782,30298,TUNABLE,TRUE
RANK_HERO,31,2950,33080,TUNABLE,TRUE
RANK_HERO,32,3122,36030,TUNABLE,TRUE
RANK_HERO,33,3300,39152,TUNABLE,TRUE
RANK_HERO,34,3482,42452,TUNABLE,TRUE
RANK_HERO,35,3670,45934,TUNABLE,TRUE
RANK_HERO,36,3862,49604,TUNABLE,TRUE
RANK_HERO,37,4060,53466,TUNABLE,TRUE
RANK_HERO,38,4262,57526,TUNABLE,TRUE
RANK_HERO,39,4470,61788,TUNABLE,TRUE
RANK_HERO,40,4682,66258,TUNABLE,TRUE
RANK_HERO,41,4900,70940,TUNABLE,TRUE
RANK_HERO,42,5122,75840,TUNABLE,TRUE
RANK_HERO,43,5350,80962,TUNABLE,TRUE
RANK_HERO,44,5582,86312,TUNABLE,TRUE
RANK_HERO,45,5820,91894,TUNABLE,TRUE
RANK_HERO,46,6062,97714,TUNABLE,TRUE
RANK_HERO,47,6310,103776,TUNABLE,TRUE
RANK_HERO,48,6562,110086,TUNABLE,TRUE
RANK_HERO,49,6820,116648,TUNABLE,TRUE
RANK_HERO,50,7082,123468,TUNABLE,TRUE
RANK_HERO,51,7350,130550,TUNABLE,TRUE
RANK_HERO,52,7622,137900,TUNABLE,TRUE
RANK_HERO,53,7900,145522,TUNABLE,TRUE
RANK_HERO,54,8182,153422,TUNABLE,TRUE
RANK_HERO,55,8470,161604,TUNABLE,TRUE
RANK_HERO,56,8762,170074,TUNABLE,TRUE
RANK_HERO,57,9060,178836,TUNABLE,TRUE
RANK_HERO,58,9362,187896,TUNABLE,TRUE
RANK_HERO,59,9670,197258,TUNABLE,TRUE
RANK_HERO,60,0,206928,TUNABLE,TRUE
RANK_LEGEND,1,120,0,TUNABLE,TRUE
RANK_LEGEND,2,147,120,TUNABLE,TRUE
RANK_LEGEND,3,180,267,TUNABLE,TRUE
RANK_LEGEND,4,219,447,TUNABLE,TRUE
RANK_LEGEND,5,264,666,TUNABLE,TRUE
RANK_LEGEND,6,315,930,TUNABLE,TRUE
RANK_LEGEND,7,372,1245,TUNABLE,TRUE
RANK_LEGEND,8,435,1617,TUNABLE,TRUE
RANK_LEGEND,9,504,2052,TUNABLE,TRUE
RANK_LEGEND,10,579,2556,TUNABLE,TRUE
RANK_LEGEND,11,660,3135,TUNABLE,TRUE
RANK_LEGEND,12,747,3795,TUNABLE,TRUE
RANK_LEGEND,13,840,4542,TUNABLE,TRUE
RANK_LEGEND,14,939,5382,TUNABLE,TRUE
RANK_LEGEND,15,1044,6321,TUNABLE,TRUE
RANK_LEGEND,16,1155,7365,TUNABLE,TRUE
RANK_LEGEND,17,1272,8520,TUNABLE,TRUE
RANK_LEGEND,18,1395,9792,TUNABLE,TRUE
RANK_LEGEND,19,1524,11187,TUNABLE,TRUE
RANK_LEGEND,20,1659,12711,TUNABLE,TRUE
RANK_LEGEND,21,1800,14370,TUNABLE,TRUE
RANK_LEGEND,22,1947,16170,TUNABLE,TRUE
RANK_LEGEND,23,2100,18117,TUNABLE,TRUE
RANK_LEGEND,24,2259,20217,TUNABLE,TRUE
RANK_LEGEND,25,2424,22476,TUNABLE,TRUE
RANK_LEGEND,26,2595,24900,TUNABLE,TRUE
RANK_LEGEND,27,2772,27495,TUNABLE,TRUE
RANK_LEGEND,28,2955,30267,TUNABLE,TRUE
RANK_LEGEND,29,3144,33222,TUNABLE,TRUE
RANK_LEGEND,30,3339,36366,TUNABLE,TRUE
RANK_LEGEND,31,3540,39705,TUNABLE,TRUE
RANK_LEGEND,32,3747,43245,TUNABLE,TRUE
RANK_LEGEND,33,3960,46992,TUNABLE,TRUE
RANK_LEGEND,34,4179,50952,TUNABLE,TRUE
RANK_LEGEND,35,4404,55131,TUNABLE,TRUE
RANK_LEGEND,36,4635,59535,TUNABLE,TRUE
RANK_LEGEND,37,4872,64170,TUNABLE,TRUE
RANK_LEGEND,38,5115,69042,TUNABLE,TRUE
RANK_LEGEND,39,5364,74157,TUNABLE,TRUE
RANK_LEGEND,40,5619,79521,TUNABLE,TRUE
RANK_LEGEND,41,5880,85140,TUNABLE,TRUE
RANK_LEGEND,42,6147,91020,TUNABLE,TRUE
RANK_LEGEND,43,6420,97167,TUNABLE,TRUE
RANK_LEGEND,44,6699,103587,TUNABLE,TRUE
RANK_LEGEND,45,6984,110286,TUNABLE,TRUE
RANK_LEGEND,46,7275,117270,TUNABLE,TRUE
RANK_LEGEND,47,7572,124545,TUNABLE,TRUE
RANK_LEGEND,48,7875,132117,TUNABLE,TRUE
RANK_LEGEND,49,8184,139992,TUNABLE,TRUE
RANK_LEGEND,50,8499,148176,TUNABLE,TRUE
RANK_LEGEND,51,8820,156675,TUNABLE,TRUE
RANK_LEGEND,52,9147,165495,TUNABLE,TRUE
RANK_LEGEND,53,9480,174642,TUNABLE,TRUE
RANK_LEGEND,54,9819,184122,TUNABLE,TRUE
RANK_LEGEND,55,10164,193941,TUNABLE,TRUE
RANK_LEGEND,56,10515,204105,TUNABLE,TRUE
RANK_LEGEND,57,10872,214620,TUNABLE,TRUE
RANK_LEGEND,58,11235,225492,TUNABLE,TRUE
RANK_LEGEND,59,11604,236727,TUNABLE,TRUE
RANK_LEGEND,60,11979,248331,TUNABLE,TRUE
RANK_LEGEND,61,12360,260310,TUNABLE,TRUE
RANK_LEGEND,62,12747,272670,TUNABLE,TRUE
RANK_LEGEND,63,13140,285417,TUNABLE,TRUE
RANK_LEGEND,64,13539,298557,TUNABLE,TRUE
RANK_LEGEND,65,13944,312096,TUNABLE,TRUE
RANK_LEGEND,66,14355,326040,TUNABLE,TRUE
RANK_LEGEND,67,14772,340395,TUNABLE,TRUE
RANK_LEGEND,68,15195,355167,TUNABLE,TRUE
RANK_LEGEND,69,15624,370362,TUNABLE,TRUE
RANK_LEGEND,70,0,385986,TUNABLE,TRUE
