asset_id,name,creator,source_url,version,acquired_date,price_krw,license,commercial_use,modification_allowed,credit_required,used_in,notes,status,enabled
ASSET_FACILITY_CONSTRUCTION_V1,Asset Facility Construction V1,KingdomTycoon Editor Generator,,1,2026-07-19,0,PROJECT_INTERNAL,TRUE,TRUE,FALSE,P04 Kingdom,address=P04/Kingdom/Construction; generated placeholder,CONFIRMED,TRUE
ASSET_FACILITY_LOCKED_V1,Asset Facility Locked V1,KingdomTycoon Editor Generator,,1,2026-07-19,0,PROJECT_INTERNAL,TRUE,TRUE,FALSE,P04 Kingdom,address=P04/Kingdom/Locked; generated placeholder,CONFIRMED,TRUE
ASSET_FACILITY_PLOT_V1,Asset Facility Plot V1,KingdomTycoon Editor Generator,,1,2026-07-19,0,PROJECT_INTERNAL,TRUE,TRUE,FALSE,P04 Kingdom,address=P04/Kingdom/Plot; generated placeholder,CONFIRMED,TRUE
ASSET_FACILITY_STOPPED_V1,Asset Facility Stopped V1,KingdomTycoon Editor Generator,,1,2026-07-19,0,PROJECT_INTERNAL,TRUE,TRUE,FALSE,P04 Kingdom,address=P04/Kingdom/Stopped; generated placeholder,CONFIRMED,TRUE
ASSET_FAC_ALCHEMY_PLACEHOLDER_V1,Asset Fac Alchemy Placeholder V1,KingdomTycoon Editor Generator,,1,2026-07-19,0,PROJECT_INTERNAL,TRUE,TRUE,FALSE,P04 Kingdom,address=P04/Kingdom/FAC_ALCHEMY; generated placeholder,CONFIRMED,TRUE
ASSET_FAC_BLACKSMITH_PLACEHOLDER_V1,Asset Fac Blacksmith Placeholder V1,KingdomTycoon Editor Generator,,1,2026-07-19,0,PROJECT_INTERNAL,TRUE,TRUE,FALSE,P04 Kingdom,address=P04/Kingdom/FAC_BLACKSMITH; generated placeholder,CONFIRMED,TRUE
ASSET_FAC_GUILD_PLACEHOLDER_V1,Asset Fac Guild Placeholder V1,KingdomTycoon Editor Generator,,1,2026-07-19,0,PROJECT_INTERNAL,TRUE,TRUE,FALSE,P04 Kingdom,address=P04/Kingdom/FAC_GUILD; generated placeholder,CONFIRMED,TRUE
ASSET_FAC_INFIRMARY_PLACEHOLDER_V1,Asset Fac Infirmary Placeholder V1,KingdomTycoon Editor Generator,,1,2026-07-19,0,PROJECT_INTERNAL,TRUE,TRUE,FALSE,P04 Kingdom,address=P04/Kingdom/FAC_INFIRMARY; generated placeholder,CONFIRMED,TRUE
ASSET_FAC_LODGE_PLACEHOLDER_V1,Asset Fac Lodge Placeholder V1,KingdomTycoon Editor Generator,,1,2026-07-19,0,PROJECT_INTERNAL,TRUE,TRUE,FALSE,P04 Kingdom,address=P04/Kingdom/FAC_LODGE; generated placeholder,CONFIRMED,TRUE
ASSET_FAC_STORE_PLACEHOLDER_V1,Asset Fac Store Placeholder V1,KingdomTycoon Editor Generator,,1,2026-07-19,0,PROJECT_INTERNAL,TRUE,TRUE,FALSE,P04 Kingdom,address=P04/Kingdom/FAC_STORE; generated placeholder,CONFIRMED,TRUE
ASSET_FAC_TAVERN_PLACEHOLDER_V1,Asset Fac Tavern Placeholder V1,KingdomTycoon Editor Generator,,1,2026-07-19,0,PROJECT_INTERNAL,TRUE,TRUE,FALSE,P04 Kingdom,address=P04/Kingdom/FAC_TAVERN; generated placeholder,CONFIRMED,TRUE
ASSET_FAC_WAREHOUSE_PLACEHOLDER_V1,Asset Fac Warehouse Placeholder V1,KingdomTycoon Editor Generator,,1,2026-07-19,0,PROJECT_INTERNAL,TRUE,TRUE,FALSE,P04 Kingdom,address=P04/Kingdom/FAC_WAREHOUSE; generated placeholder,CONFIRMED,TRUE
ASSET_KINGDOM_BACKGROUND_V1,Asset Kingdom Background V1,KingdomTycoon Editor Generator,,1,2026-07-19,0,PROJECT_INTERNAL,TRUE,TRUE,FALSE,P04 Kingdom,address=P04/Kingdom/Background; generated placeholder,CONFIRMED,TRUE
ASSET_MERC_PLACEHOLDER_ARCHER_V1,Internal Archer Placeholder,KINGDOM_TYCOON_TEAM,,1,2026-07-18,0,INTERNAL,TRUE,TRUE,FALSE,MERCENARY_APPEARANCE,Built-in production-valid placeholder,CONFIRMED,TRUE
ASSET_MERC_PLACEHOLDER_CLERIC_V1,Internal Cleric Placeholder,KINGDOM_TYCOON_TEAM,,1,2026-07-18,0,INTERNAL,TRUE,TRUE,FALSE,MERCENARY_APPEARANCE,Built-in production-valid placeholder,CONFIRMED,TRUE
ASSET_MERC_PLACEHOLDER_GUARDIAN_V1,Internal Guardian Placeholder,KINGDOM_TYCOON_TEAM,,1,2026-07-18,0,INTERNAL,TRUE,TRUE,FALSE,MERCENARY_APPEARANCE,Built-in production-valid placeholder,CONFIRMED,TRUE
ASSET_MERC_PLACEHOLDER_MAGE_V1,Internal Mage Placeholder,KINGDOM_TYCOON_TEAM,,1,2026-07-18,0,INTERNAL,TRUE,TRUE,FALSE,MERCENARY_APPEARANCE,Built-in production-valid placeholder,CONFIRMED,TRUE
ASSET_MERC_PLACEHOLDER_WARRIOR_V1,Internal Warrior Placeholder,KINGDOM_TYCOON_TEAM,,1,2026-07-18,0,INTERNAL,TRUE,TRUE,FALSE,MERCENARY_APPEARANCE,Built-in production-valid placeholder,CONFIRMED,TRUE
ASSET_P06_CHARACTER_ARCHER,P06 Archer Character,INTERNAL,,1,2026-07-21,0,Project,TRUE,TRUE,FALSE,P06,address=P06/Characters/JOB_ARCHER; logical asset,CONFIRMED,TRUE
ASSET_P06_CHARACTER_CLERIC,P06 Cleric Character,INTERNAL,,1,2026-07-21,0,Project,TRUE,TRUE,FALSE,P06,address=P06/Characters/JOB_CLERIC; logical asset,CONFIRMED,TRUE
ASSET_P06_CHARACTER_GUARDIAN,P06 Guardian Character,INTERNAL,,1,2026-07-21,0,Project,TRUE,TRUE,FALSE,P06,address=P06/Characters/JOB_GUARDIAN; logical asset,CONFIRMED,TRUE
ASSET_P06_CHARACTER_MAGE,P06 Mage Character,INTERNAL,,1,2026-07-21,0,Project,TRUE,TRUE,FALSE,P06,address=P06/Characters/JOB_MAGE; logical asset,CONFIRMED,TRUE
ASSET_P06_CHARACTER_WARRIOR,P06 Warrior Character,INTERNAL,,1,2026-07-21,0,Project,TRUE,TRUE,FALSE,P06,address=P06/Characters/JOB_WARRIOR; logical asset,CONFIRMED,TRUE
ASSET_P06_ICON_BARRIER,P06 STATUS_BARRIER Icon,INTERNAL,,1,2026-07-21,0,Project,TRUE,TRUE,FALSE,P06,address=P06/Status/STATUS_BARRIER; logical asset,CONFIRMED,TRUE
ASSET_P06_ICON_BLESSING,P06 STATUS_BLESSING Icon,INTERNAL,,1,2026-07-21,0,Project,TRUE,TRUE,FALSE,P06,address=P06/Status/STATUS_BLESSING; logical asset,CONFIRMED,TRUE
ASSET_P06_ICON_BURN,P06 STATUS_BURN Icon,INTERNAL,,1,2026-07-21,0,Project,TRUE,TRUE,FALSE,P06,address=P06/Status/STATUS_BURN; logical asset,CONFIRMED,TRUE
ASSET_P06_ICON_POISON,P06 STATUS_POISON Icon,INTERNAL,,1,2026-07-21,0,Project,TRUE,TRUE,FALSE,P06,address=P06/Status/STATUS_POISON; logical asset,CONFIRMED,TRUE
ASSET_P06_ICON_SLOW,P06 STATUS_SLOW Icon,INTERNAL,,1,2026-07-21,0,Project,TRUE,TRUE,FALSE,P06,address=P06/Status/STATUS_SLOW; logical asset,CONFIRMED,TRUE
ASSET_P06_ICON_TAUNT,P06 STATUS_TAUNT Icon,INTERNAL,,1,2026-07-21,0,Project,TRUE,TRUE,FALSE,P06,address=P06/Status/STATUS_TAUNT; logical asset,CONFIRMED,TRUE
ASSET_P06_MONSTER_ELITE,P06 Elite Monster,INTERNAL,,1,2026-07-21,0,Project,TRUE,TRUE,FALSE,P06,Editor-generated 128px sprite,CONFIRMED,TRUE
ASSET_P06_MONSTER_MELEE,P06 Melee Monster,INTERNAL,,1,2026-07-21,0,Project,TRUE,TRUE,FALSE,P06,Editor-generated 96px sprite,CONFIRMED,TRUE
ASSET_P06_PROJECTILE,P06 Projectile,INTERNAL,,1,2026-07-21,0,Project,TRUE,TRUE,FALSE,P06,Editor-generated 24px sprite,CONFIRMED,TRUE
ASSET_P06_TILE_MEADOW,P06 Meadow Tile,INTERNAL,,1,2026-07-21,0,Project,TRUE,TRUE,FALSE,P06,Editor-generated 64px tile,CONFIRMED,TRUE
ASSET_P07_ITEM_ALCHEMY,P07 Item ALCHEMY,INTERNAL,,1,2026-07-22,0,Project,TRUE,TRUE,FALSE,P07,address=P07/Items/ALCHEMY; logical asset,CONFIRMED,TRUE
ASSET_P07_ITEM_BOSS,P07 Item BOSS,INTERNAL,,1,2026-07-22,0,Project,TRUE,TRUE,FALSE,P07,address=P07/Items/BOSS; logical asset,CONFIRMED,TRUE
ASSET_P07_ITEM_CRAFT,P07 Item CRAFT,INTERNAL,,1,2026-07-22,0,Project,TRUE,TRUE,FALSE,P07,address=P07/Items/CRAFT; logical asset,CONFIRMED,TRUE
ASSET_P07_ITEM_ENHANCE,P07 Item ENHANCE,INTERNAL,,1,2026-07-22,0,Project,TRUE,TRUE,FALSE,P07,address=P07/Items/ENHANCE; logical asset,CONFIRMED,TRUE
ASSET_P07_ITEM_MAGIC,P07 Item MAGIC,INTERNAL,,1,2026-07-22,0,Project,TRUE,TRUE,FALSE,P07,address=P07/Items/MAGIC; logical asset,CONFIRMED,TRUE
ASSET_P07_ITEM_MONSTER,P07 Item MONSTER,INTERNAL,,1,2026-07-22,0,Project,TRUE,TRUE,FALSE,P07,address=P07/Items/MONSTER; logical asset,CONFIRMED,TRUE
ASSET_P07_ITEM_ORE,P07 Item ORE,INTERNAL,,1,2026-07-22,0,Project,TRUE,TRUE,FALSE,P07,address=P07/Items/ORE; logical asset,CONFIRMED,TRUE
ASSET_P07_ITEM_PROMOTION,P07 Item PROMOTION,INTERNAL,,1,2026-07-22,0,Project,TRUE,TRUE,FALSE,P07,address=P07/Items/PROMOTION; logical asset,CONFIRMED,TRUE
ASSET_P07_ITEM_REFINE,P07 Item REFINE,INTERNAL,,1,2026-07-22,0,Project,TRUE,TRUE,FALSE,P07,address=P07/Items/REFINE; logical asset,CONFIRMED,TRUE
ASSET_P07_ITEM_RELIC,P07 Item RELIC,INTERNAL,,1,2026-07-22,0,Project,TRUE,TRUE,FALSE,P07,address=P07/Items/RELIC; logical asset,CONFIRMED,TRUE
ASSET_P07_QUALITY_QUALITY_COMMON,P07 Quality QUALITY_COMMON,INTERNAL,,1,2026-07-22,0,Project,TRUE,TRUE,FALSE,P07,address=P07/Quality/QUALITY_COMMON; logical asset,CONFIRMED,TRUE
ASSET_P07_QUALITY_QUALITY_FINE,P07 Quality QUALITY_FINE,INTERNAL,,1,2026-07-22,0,Project,TRUE,TRUE,FALSE,P07,address=P07/Quality/QUALITY_FINE; logical asset,CONFIRMED,TRUE
ASSET_P07_QUALITY_QUALITY_LEGACY,P07 Quality QUALITY_LEGACY,INTERNAL,,1,2026-07-22,0,Project,TRUE,TRUE,FALSE,P07,address=P07/Quality/QUALITY_LEGACY; logical asset,CONFIRMED,TRUE
ASSET_P07_QUALITY_QUALITY_RARE,P07 Quality QUALITY_RARE,INTERNAL,,1,2026-07-22,0,Project,TRUE,TRUE,FALSE,P07,address=P07/Quality/QUALITY_RARE; logical asset,CONFIRMED,TRUE
ASSET_P07_QUALITY_QUALITY_RELIC,P07 Quality QUALITY_RELIC,INTERNAL,,1,2026-07-22,0,Project,TRUE,TRUE,FALSE,P07,address=P07/Quality/QUALITY_RELIC; logical asset,CONFIRMED,TRUE
ASSET_P07_SLOT_ACCESSORY,P07 Slot ACCESSORY,INTERNAL,,1,2026-07-22,0,Project,TRUE,TRUE,FALSE,P07,address=P07/Slots/ACCESSORY; logical asset,CONFIRMED,TRUE
ASSET_P07_SLOT_ARMOR,P07 Slot ARMOR,INTERNAL,,1,2026-07-22,0,Project,TRUE,TRUE,FALSE,P07,address=P07/Slots/ARMOR; logical asset,CONFIRMED,TRUE
ASSET_P07_SLOT_HELMET,P07 Slot HELMET,INTERNAL,,1,2026-07-22,0,Project,TRUE,TRUE,FALSE,P07,address=P07/Slots/HELMET; logical asset,CONFIRMED,TRUE
ASSET_P07_SLOT_WEAPON,P07 Slot WEAPON,INTERNAL,,1,2026-07-22,0,Project,TRUE,TRUE,FALSE,P07,address=P07/Slots/WEAPON; logical asset,CONFIRMED,TRUE
ASSET_P07_STATE_EMPTY,P07 State EMPTY,INTERNAL,,1,2026-07-22,0,Project,TRUE,TRUE,FALSE,P07,address=P07/State/EMPTY; logical asset,CONFIRMED,TRUE
ASSET_P07_STATE_ERROR,P07 State ERROR,INTERNAL,,1,2026-07-22,0,Project,TRUE,TRUE,FALSE,P07,address=P07/State/ERROR; logical asset,CONFIRMED,TRUE
ASSET_P07_STATE_LOCKED,P07 State LOCKED,INTERNAL,,1,2026-07-22,0,Project,TRUE,TRUE,FALSE,P07,address=P07/State/LOCKED; logical asset,CONFIRMED,TRUE
ASSET_P07_TIER_1,P07 Tier 1,INTERNAL,,1,2026-07-22,0,Project,TRUE,TRUE,FALSE,P07,address=P07/Tier/1; logical asset,CONFIRMED,TRUE
ASSET_P07_TIER_2,P07 Tier 2,INTERNAL,,1,2026-07-22,0,Project,TRUE,TRUE,FALSE,P07,address=P07/Tier/2; logical asset,CONFIRMED,TRUE
ASSET_P07_TIER_3,P07 Tier 3,INTERNAL,,1,2026-07-22,0,Project,TRUE,TRUE,FALSE,P07,address=P07/Tier/3; logical asset,CONFIRMED,TRUE
ASSET_P07_TIER_4,P07 Tier 4,INTERNAL,,1,2026-07-22,0,Project,TRUE,TRUE,FALSE,P07,address=P07/Tier/4; logical asset,CONFIRMED,TRUE
ASSET_P07_TIER_5,P07 Tier 5,INTERNAL,,1,2026-07-22,0,Project,TRUE,TRUE,FALSE,P07,address=P07/Tier/5; logical asset,CONFIRMED,TRUE
ASSET_P08_GOLD_KINGDOM,P08 Kingdom Gold,KingdomTycoon Editor Generator,,1,2026-07-23,0,PROJECT_INTERNAL,TRUE,TRUE,FALSE,P08 Store,address=P08/Currency/KingdomGold,CONFIRMED,TRUE
ASSET_P08_GOLD_PERSONAL,P08 Personal Gold,KingdomTycoon Editor Generator,,1,2026-07-23,0,PROJECT_INTERNAL,TRUE,TRUE,FALSE,P08 Store,address=P08/Currency/PersonalGold,CONFIRMED,TRUE
ASSET_P08_MERCHANT,P08 Merchant Portrait,KingdomTycoon Editor Generator,,1,2026-07-23,0,PROJECT_INTERNAL,TRUE,TRUE,FALSE,P08 Store,address=P08/Merchant/Portrait,CONFIRMED,TRUE
ASSET_P08_POLICY_HIGH,P08 Policy High,KingdomTycoon Editor Generator,,1,2026-07-23,0,PROJECT_INTERNAL,TRUE,TRUE,FALSE,P08 Store,address=P08/Policy/HIGH,CONFIRMED,TRUE
ASSET_P08_POLICY_LOW,P08 Policy Low,KingdomTycoon Editor Generator,,1,2026-07-23,0,PROJECT_INTERNAL,TRUE,TRUE,FALSE,P08 Store,address=P08/Policy/LOW,CONFIRMED,TRUE
ASSET_P08_POLICY_STANDARD,P08 Policy Standard,KingdomTycoon Editor Generator,,1,2026-07-23,0,PROJECT_INTERNAL,TRUE,TRUE,FALSE,P08 Store,address=P08/Policy/STANDARD,CONFIRMED,TRUE
ASSET_P08_SOLD_OUT,P08 Sold Out,KingdomTycoon Editor Generator,,1,2026-07-23,0,PROJECT_INTERNAL,TRUE,TRUE,FALSE,P08 Store,address=P08/State/SoldOut,CONFIRMED,TRUE
ASSET_P08_STATE_ERROR,P08 Error,KingdomTycoon Editor Generator,,1,2026-07-23,0,PROJECT_INTERNAL,TRUE,TRUE,FALSE,P08 Store,address=P08/State/Error,CONFIRMED,TRUE
ASSET_P08_STOCK,P08 Stock,KingdomTycoon Editor Generator,,1,2026-07-23,0,PROJECT_INTERNAL,TRUE,TRUE,FALSE,P08 Store,address=P08/State/Stock,CONFIRMED,TRUE
ASSET_P08_STORE_PANEL,P08 Store Panel,KingdomTycoon Editor Generator,,1,2026-07-23,0,PROJECT_INTERNAL,TRUE,TRUE,FALSE,P08 Store,address=P08/Store/Panel,CONFIRMED,TRUE
ASSET_P08_TRANSACTION_IN,P08 Transaction In,KingdomTycoon Editor Generator,,1,2026-07-23,0,PROJECT_INTERNAL,TRUE,TRUE,FALSE,P08 Store,address=P08/Transaction/In,CONFIRMED,TRUE
ASSET_P08_TRANSACTION_OUT,P08 Transaction Out,KingdomTycoon Editor Generator,,1,2026-07-23,0,PROJECT_INTERNAL,TRUE,TRUE,FALSE,P08 Store,address=P08/Transaction/Out,CONFIRMED,TRUE
