locale,text_key,text_value,context,status,enabled
en-US,TXT_P04_ACTION_ASSIGN,Assign NPC,P04_UI,CONFIRMED,TRUE
en-US,TXT_P04_ACTION_BACK,Back,P04_UI,CONFIRMED,TRUE
en-US,TXT_P04_ACTION_BUILD,Build,P04_UI,CONFIRMED,TRUE
en-US,TXT_P04_ACTION_CANCEL,Cancel,P04_UI,CONFIRMED,TRUE
en-US,TXT_P04_ACTION_CLAIM,Complete,P04_UI,CONFIRMED,TRUE
en-US,TXT_P04_ACTION_CLOSE,Close,P04_UI,CONFIRMED,TRUE
en-US,TXT_P04_ACTION_CONFIRM,Confirm,P04_UI,CONFIRMED,TRUE
en-US,TXT_P04_ACTION_RETRY,Retry,P04_UI,CONFIRMED,TRUE
en-US,TXT_P04_ACTION_UNASSIGN,Unassign,P04_UI,CONFIRMED,TRUE
en-US,TXT_P04_ACTION_UPGRADE,Upgrade,P04_UI,CONFIRMED,TRUE
en-US,TXT_P04_AUTOSAVE_DEBOUNCE_DESC,P04 autosave debounce,P04_UI,CONFIRMED,TRUE
en-US,TXT_P04_COST_GOLD,Kingdom Gold {amount},P04_UI,CONFIRMED,TRUE
en-US,TXT_P04_COST_MATERIAL,{item} × {amount},P04_UI,CONFIRMED,TRUE
en-US,TXT_P04_DEV_CLOCK_DESC,P04 test clock mode,P04_UI,CONFIRMED,TRUE
en-US,TXT_P04_DRAWER_DURATION_DESC,Facility drawer animation duration,P04_UI,CONFIRMED,TRUE
en-US,TXT_P04_ERROR_GOLD,Not enough Kingdom Gold.,P04_UI,CONFIRMED,TRUE
en-US,TXT_P04_ERROR_JOB_NOT_READY,The facility job is not ready.,P04_UI,CONFIRMED,TRUE
en-US,TXT_P04_ERROR_JOB_RUNNING,A facility job is already in progress.,P04_UI,CONFIRMED,TRUE
en-US,TXT_P04_ERROR_MATERIAL,Not enough materials.,P04_UI,CONFIRMED,TRUE
en-US,TXT_P04_ERROR_MAX_LEVEL,Maximum level reached.,P04_UI,CONFIRMED,TRUE
en-US,TXT_P04_ERROR_NPC_ASSIGNED,This NPC is already assigned.,P04_UI,CONFIRMED,TRUE
en-US,TXT_P04_ERROR_NPC_NONE,No management NPC is available.,P04_UI,CONFIRMED,TRUE
en-US,TXT_P04_ERROR_NPC_PROFESSION,This NPC has the wrong profession.,P04_UI,CONFIRMED,TRUE
en-US,TXT_P04_ERROR_PROFILE_AMBIGUOUS,Multiple local kingdoms were found and cannot be selected automatically.,P04_PROFILE,CONFIRMED,TRUE
en-US,TXT_P04_ERROR_PROFILE_DISCOVERY,The local kingdom save location could not be inspected.,P04_PROFILE,CONFIRMED,TRUE
en-US,TXT_P04_ERROR_REVISION,Another change was saved first. Reloading.,P04_UI,CONFIRMED,TRUE
en-US,TXT_P04_ERROR_SAVE_CREATE,Could not save the new kingdom.,P04_UI,CONFIRMED,TRUE
en-US,TXT_P04_ERROR_SAVE_LOAD,Could not load save data.,P04_UI,CONFIRMED,TRUE
en-US,TXT_P04_ERROR_SAVE_WRITE,Could not save changes.,P04_UI,CONFIRMED,TRUE
en-US,TXT_P04_ERROR_STAGE,A higher Kingdom Stage is required.,P04_UI,CONFIRMED,TRUE
en-US,TXT_P04_HUD_GOLD,Gold {amount},P04_UI,CONFIRMED,TRUE
en-US,TXT_P04_HUD_PREMIUM,Premium {amount},P04_UI,CONFIRMED,TRUE
en-US,TXT_P04_HUD_RECOVERED,A backup save was recovered.,P04_UI,CONFIRMED,TRUE
en-US,TXT_P04_HUD_STAGE,Kingdom Stage {stage},P04_UI,CONFIRMED,TRUE
en-US,TXT_P04_LOCKED_PHASE_ALCHEMY,Alchemy unlocks in P10.,P04_UI,CONFIRMED,TRUE
en-US,TXT_P04_LOCKED_PHASE_BLACKSMITH,Smithing unlocks in P10.,P04_UI,CONFIRMED,TRUE
en-US,TXT_P04_LOCKED_PHASE_GUILD,Guild requests unlock in P11.,P04_UI,CONFIRMED,TRUE
en-US,TXT_P04_LOCKED_PHASE_INFIRMARY,Treatment unlocks in P09.,P04_UI,CONFIRMED,TRUE
en-US,TXT_P04_LOCKED_PHASE_STORE,Trading unlocks in P08.,P04_UI,CONFIRMED,TRUE
en-US,TXT_P04_LOCKED_PHASE_TAVERN,Recruitment unlocks in P13.,P04_UI,CONFIRMED,TRUE
en-US,TXT_P04_LOCKED_PHASE_WAREHOUSE,Warehouse operations unlock in P07.,P04_UI,CONFIRMED,TRUE
en-US,TXT_P04_LOCKED_STAGE,Unlocks at Kingdom Stage {stage}.,P04_UI,CONFIRMED,TRUE
en-US,TXT_P04_MODAL_ASSIGN_TITLE,Assign Management NPC,P04_UI,CONFIRMED,TRUE
en-US,TXT_P04_MODAL_BUILD_TITLE,Build Facility,P04_UI,CONFIRMED,TRUE
en-US,TXT_P04_MODAL_UPGRADE_TITLE,Upgrade Facility,P04_UI,CONFIRMED,TRUE
en-US,TXT_P04_NAV_CRAFT,Craft,P04_UI,CONFIRMED,TRUE
en-US,TXT_P04_NAV_KINGDOM,Kingdom,P04_UI,CONFIRMED,TRUE
en-US,TXT_P04_NAV_MENU,Menu,P04_UI,CONFIRMED,TRUE
en-US,TXT_P04_NAV_MERCENARIES,Mercenaries,P04_UI,CONFIRMED,TRUE
en-US,TXT_P04_NAV_RECRUIT,Recruit,P04_UI,CONFIRMED,TRUE
en-US,TXT_P04_NAV_REGION,Region,P04_UI,CONFIRMED,TRUE
en-US,TXT_P04_STATE_ACTIVE,Active,P04_UI,CONFIRMED,TRUE
en-US,TXT_P04_STATE_BUILDABLE,Ready to build,P04_UI,CONFIRMED,TRUE
en-US,TXT_P04_STATE_BUILDING,Building,P04_UI,CONFIRMED,TRUE
en-US,TXT_P04_STATE_LOCKED,Locked,P04_UI,CONFIRMED,TRUE
en-US,TXT_P04_STATE_STOPPED,Stopped,P04_UI,CONFIRMED,TRUE
en-US,TXT_P04_STATE_UPGRADING,Upgrading,P04_UI,CONFIRMED,TRUE
en-US,TXT_P04_STOP_NPC_REQUIRED,Assign the required management NPC to activate.,P04_UI,CONFIRMED,TRUE
en-US,TXT_P04_TAB_OPERATIONS,Operations,P04_UI,CONFIRMED,TRUE
en-US,TXT_P04_TAB_OVERVIEW,Overview,P04_UI,CONFIRMED,TRUE
en-US,TXT_P04_TAB_STAFF,Staff,P04_UI,CONFIRMED,TRUE
en-US,TXT_P04_TAB_UPGRADE,Upgrade,P04_UI,CONFIRMED,TRUE
en-US,TXT_P04_TIMER_TICK_DESC,Facility remaining-time display interval,P04_UI,CONFIRMED,TRUE
en-US,TXT_P04_TIME_FINISHES,Finishes at {time},P04_UI,CONFIRMED,TRUE
en-US,TXT_P04_TIME_REMAINING,Time remaining: {time},P04_UI,CONFIRMED,TRUE
en-US,TXT_P04_UI_CONTENT,Kingdom,P04_UI,CONFIRMED,TRUE
en-US,TXT_P04_UI_EMPTY,No facility data is available.,P04_UI,CONFIRMED,TRUE
en-US,TXT_P04_UI_ERROR,Kingdom cannot be displayed.,P04_UI,CONFIRMED,TRUE
en-US,TXT_P04_UI_LOADING,Loading kingdom…,P04_UI,CONFIRMED,TRUE
en-US,TXT_P04_UI_LOCKED,This facility is locked.,P04_UI,CONFIRMED,TRUE
en-US,TXT_P04_UI_OFFLINE,Offline: local facility management remains available.,P04_UI,CONFIRMED,TRUE
ko-KR,NARRATIVE_FINAL_CLEAR,왕국은 다시 세워졌지만 세계의 위협은 아직 끝나지 않았다.,CORE,CONFIRMED,TRUE
ko-KR,NARRATIVE_OPENING_1,몬스터의 침공으로 왕국은 폐허가 되었다.,CORE,CONFIRMED,TRUE
ko-KR,NARRATIVE_OPENING_2,마지막 거점을 복구하고 용병과 장인을 모아야 한다.,CORE,CONFIRMED,TRUE
ko-KR,TXT_ACTIVE_MERC_CAP_V1_DESCRIPTION,1.0 활동 상한,RUNTIME_CONFIG_DESCRIPTION,TUNABLE,TRUE
ko-KR,TXT_BOSS_DRAGON_NAME,잿빛 고룡,MONSTER_NAME,TUNABLE,TRUE
ko-KR,TXT_BOSS_HYDRA_NAME,역병 히드라,MONSTER_NAME,TUNABLE,TRUE
ko-KR,TXT_CURRENCY_KINGDOM_GOLD_NAME,왕국 골드,CURRENCY_NAME,CONFIRMED,TRUE
ko-KR,TXT_CURRENCY_PREMIUM_FREE_NAME,무료 프리미엄,CURRENCY_NAME,CONFIRMED,TRUE
ko-KR,TXT_CURRENCY_PREMIUM_PAID_NAME,유료 프리미엄,CURRENCY_NAME,CONFIRMED,TRUE
ko-KR,TXT_CURRENCY_SPECIAL_RECRUIT_TICKET_NAME,특별 모집권,CURRENCY_NAME,CONFIRMED,TRUE
ko-KR,TXT_DEFAULT_HP_RETURN_THRESHOLD_DESCRIPTION,기본 귀환 체력,RUNTIME_CONFIG_DESCRIPTION,TUNABLE,TRUE
ko-KR,TXT_DISMANTLE_ENHANCE_REFUND_DESCRIPTION,강화 재료 환급,RUNTIME_CONFIG_DESCRIPTION,TUNABLE,TRUE
ko-KR,TXT_EQUIPMENT_UPGRADE_THRESHOLD_DESCRIPTION,자동 교체 최소 개선,RUNTIME_CONFIG_DESCRIPTION,TUNABLE,TRUE
ko-KR,TXT_EQ_BOSS_DRAGON_ARCHER_NAME,고룡 날개활,EQUIPMENT_NAME,TUNABLE,TRUE
ko-KR,TXT_EQ_BOSS_DRAGON_CLERIC_NAME,재의 성휘,EQUIPMENT_NAME,TUNABLE,TRUE
ko-KR,TXT_EQ_BOSS_DRAGON_GUARDIAN_NAME,잿빛 용린갑,EQUIPMENT_NAME,TUNABLE,TRUE
ko-KR,TXT_EQ_BOSS_DRAGON_MAGE_NAME,고룡심장 지팡이,EQUIPMENT_NAME,TUNABLE,TRUE
ko-KR,TXT_EQ_BOSS_DRAGON_WARRIOR_NAME,잿빛 고룡검,EQUIPMENT_NAME,TUNABLE,TRUE
ko-KR,TXT_EQ_BOSS_HYDRA_ARCHER_NAME,독사의 눈 활,EQUIPMENT_NAME,TUNABLE,TRUE
ko-KR,TXT_EQ_BOSS_HYDRA_CLERIC_NAME,정화의 성배,EQUIPMENT_NAME,TUNABLE,TRUE
ko-KR,TXT_EQ_BOSS_HYDRA_GUARDIAN_NAME,히드라 비늘 수호갑,EQUIPMENT_NAME,TUNABLE,TRUE
ko-KR,TXT_EQ_BOSS_HYDRA_MAGE_NAME,역병 가지 지팡이,EQUIPMENT_NAME,TUNABLE,TRUE
ko-KR,TXT_EQ_BOSS_HYDRA_WARRIOR_NAME,히드라 송곳니 대검,EQUIPMENT_NAME,TUNABLE,TRUE
ko-KR,TXT_EQ_T1_ARCHER_WEAPON_NAME,개척자의 활,EQUIPMENT_NAME,TUNABLE,TRUE
ko-KR,TXT_EQ_T1_CLERIC_WEAPON_NAME,개척자의 성직 철퇴,EQUIPMENT_NAME,TUNABLE,TRUE
ko-KR,TXT_EQ_T1_CLOTH_ARMOR_NAME,개척자의 로브,EQUIPMENT_NAME,TUNABLE,TRUE
ko-KR,TXT_EQ_T1_CLOTH_HELMET_NAME,개척자의 로브 투구,EQUIPMENT_NAME,TUNABLE,TRUE
ko-KR,TXT_EQ_T1_GUARDIAN_WEAPON_NAME,개척자의 수호 철퇴,EQUIPMENT_NAME,TUNABLE,TRUE
ko-KR,TXT_EQ_T1_GUARD_ACCESSORY_NAME,개척자의 수호 부적,EQUIPMENT_NAME,TUNABLE,TRUE
ko-KR,TXT_EQ_T1_HEAVY_ARMOR_NAME,개척자의 중갑,EQUIPMENT_NAME,TUNABLE,TRUE
ko-KR,TXT_EQ_T1_HEAVY_HELMET_NAME,개척자의 중갑 투구,EQUIPMENT_NAME,TUNABLE,TRUE
ko-KR,TXT_EQ_T1_LIGHT_ARMOR_NAME,개척자의 경갑,EQUIPMENT_NAME,TUNABLE,TRUE
ko-KR,TXT_EQ_T1_LIGHT_HELMET_NAME,개척자의 경갑 투구,EQUIPMENT_NAME,TUNABLE,TRUE
ko-KR,TXT_EQ_T1_MAGE_WEAPON_NAME,개척자의 지팡이,EQUIPMENT_NAME,TUNABLE,TRUE
ko-KR,TXT_EQ_T1_POWER_ACCESSORY_NAME,개척자의 힘의 부적,EQUIPMENT_NAME,TUNABLE,TRUE
ko-KR,TXT_EQ_T1_WARRIOR_WEAPON_NAME,개척자의 검,EQUIPMENT_NAME,TUNABLE,TRUE
ko-KR,TXT_EQ_T1_WISDOM_ACCESSORY_NAME,개척자의 지혜의 펜던트,EQUIPMENT_NAME,TUNABLE,TRUE
ko-KR,TXT_EQ_T2_ARCHER_WEAPON_NAME,어둠숲 활,EQUIPMENT_NAME,TUNABLE,TRUE
ko-KR,TXT_EQ_T2_CLERIC_WEAPON_NAME,어둠숲 성직 철퇴,EQUIPMENT_NAME,TUNABLE,TRUE
ko-KR,TXT_EQ_T2_CLOTH_ARMOR_NAME,어둠숲 로브,EQUIPMENT_NAME,TUNABLE,TRUE
ko-KR,TXT_EQ_T2_CLOTH_HELMET_NAME,어둠숲 로브 투구,EQUIPMENT_NAME,TUNABLE,TRUE
ko-KR,TXT_EQ_T2_GUARDIAN_WEAPON_NAME,어둠숲 수호 철퇴,EQUIPMENT_NAME,TUNABLE,TRUE
ko-KR,TXT_EQ_T2_GUARD_ACCESSORY_NAME,어둠숲 수호 부적,EQUIPMENT_NAME,TUNABLE,TRUE
ko-KR,TXT_EQ_T2_HEAVY_ARMOR_NAME,어둠숲 중갑,EQUIPMENT_NAME,TUNABLE,TRUE
ko-KR,TXT_EQ_T2_HEAVY_HELMET_NAME,어둠숲 중갑 투구,EQUIPMENT_NAME,TUNABLE,TRUE
ko-KR,TXT_EQ_T2_LIGHT_ARMOR_NAME,어둠숲 경갑,EQUIPMENT_NAME,TUNABLE,TRUE
ko-KR,TXT_EQ_T2_LIGHT_HELMET_NAME,어둠숲 경갑 투구,EQUIPMENT_NAME,TUNABLE,TRUE
ko-KR,TXT_EQ_T2_MAGE_WEAPON_NAME,어둠숲 지팡이,EQUIPMENT_NAME,TUNABLE,TRUE
ko-KR,TXT_EQ_T2_POWER_ACCESSORY_NAME,어둠숲 힘의 부적,EQUIPMENT_NAME,TUNABLE,TRUE
ko-KR,TXT_EQ_T2_WARRIOR_WEAPON_NAME,어둠숲 검,EQUIPMENT_NAME,TUNABLE,TRUE
ko-KR,TXT_EQ_T2_WISDOM_ACCESSORY_NAME,어둠숲 지혜의 펜던트,EQUIPMENT_NAME,TUNABLE,TRUE
ko-KR,TXT_EQ_T3_ARCHER_WEAPON_NAME,철맥 활,EQUIPMENT_NAME,TUNABLE,TRUE
ko-KR,TXT_EQ_T3_CLERIC_WEAPON_NAME,철맥 성직 철퇴,EQUIPMENT_NAME,TUNABLE,TRUE
ko-KR,TXT_EQ_T3_CLOTH_ARMOR_NAME,철맥 로브,EQUIPMENT_NAME,TUNABLE,TRUE
ko-KR,TXT_EQ_T3_CLOTH_HELMET_NAME,철맥 로브 투구,EQUIPMENT_NAME,TUNABLE,TRUE
ko-KR,TXT_EQ_T3_GUARDIAN_WEAPON_NAME,철맥 수호 철퇴,EQUIPMENT_NAME,TUNABLE,TRUE
ko-KR,TXT_EQ_T3_GUARD_ACCESSORY_NAME,철맥 수호 부적,EQUIPMENT_NAME,TUNABLE,TRUE
ko-KR,TXT_EQ_T3_HEAVY_ARMOR_NAME,철맥 중갑,EQUIPMENT_NAME,TUNABLE,TRUE
ko-KR,TXT_EQ_T3_HEAVY_HELMET_NAME,철맥 중갑 투구,EQUIPMENT_NAME,TUNABLE,TRUE
ko-KR,TXT_EQ_T3_LIGHT_ARMOR_NAME,철맥 경갑,EQUIPMENT_NAME,TUNABLE,TRUE
ko-KR,TXT_EQ_T3_LIGHT_HELMET_NAME,철맥 경갑 투구,EQUIPMENT_NAME,TUNABLE,TRUE
ko-KR,TXT_EQ_T3_MAGE_WEAPON_NAME,철맥 지팡이,EQUIPMENT_NAME,TUNABLE,TRUE
ko-KR,TXT_EQ_T3_POWER_ACCESSORY_NAME,철맥 힘의 부적,EQUIPMENT_NAME,TUNABLE,TRUE
ko-KR,TXT_EQ_T3_WARRIOR_WEAPON_NAME,철맥 검,EQUIPMENT_NAME,TUNABLE,TRUE
ko-KR,TXT_EQ_T3_WISDOM_ACCESSORY_NAME,철맥 지혜의 펜던트,EQUIPMENT_NAME,TUNABLE,TRUE
ko-KR,TXT_EQ_T4_ARCHER_WEAPON_NAME,독안개 활,EQUIPMENT_NAME,TUNABLE,TRUE
ko-KR,TXT_EQ_T4_CLERIC_WEAPON_NAME,독안개 성직 철퇴,EQUIPMENT_NAME,TUNABLE,TRUE
ko-KR,TXT_EQ_T4_CLOTH_ARMOR_NAME,독안개 로브,EQUIPMENT_NAME,TUNABLE,TRUE
ko-KR,TXT_EQ_T4_CLOTH_HELMET_NAME,독안개 로브 투구,EQUIPMENT_NAME,TUNABLE,TRUE
ko-KR,TXT_EQ_T4_GUARDIAN_WEAPON_NAME,독안개 수호 철퇴,EQUIPMENT_NAME,TUNABLE,TRUE
ko-KR,TXT_EQ_T4_GUARD_ACCESSORY_NAME,독안개 수호 부적,EQUIPMENT_NAME,TUNABLE,TRUE
ko-KR,TXT_EQ_T4_HEAVY_ARMOR_NAME,독안개 중갑,EQUIPMENT_NAME,TUNABLE,TRUE
ko-KR,TXT_EQ_T4_HEAVY_HELMET_NAME,독안개 중갑 투구,EQUIPMENT_NAME,TUNABLE,TRUE
ko-KR,TXT_EQ_T4_LIGHT_ARMOR_NAME,독안개 경갑,EQUIPMENT_NAME,TUNABLE,TRUE
ko-KR,TXT_EQ_T4_LIGHT_HELMET_NAME,독안개 경갑 투구,EQUIPMENT_NAME,TUNABLE,TRUE
ko-KR,TXT_EQ_T4_MAGE_WEAPON_NAME,독안개 지팡이,EQUIPMENT_NAME,TUNABLE,TRUE
ko-KR,TXT_EQ_T4_POWER_ACCESSORY_NAME,독안개 힘의 부적,EQUIPMENT_NAME,TUNABLE,TRUE
ko-KR,TXT_EQ_T4_WARRIOR_WEAPON_NAME,독안개 검,EQUIPMENT_NAME,TUNABLE,TRUE
ko-KR,TXT_EQ_T4_WISDOM_ACCESSORY_NAME,독안개 지혜의 펜던트,EQUIPMENT_NAME,TUNABLE,TRUE
ko-KR,TXT_EQ_T5_ARCHER_WEAPON_NAME,빙결 유적 활,EQUIPMENT_NAME,TUNABLE,TRUE
ko-KR,TXT_EQ_T5_CLERIC_WEAPON_NAME,빙결 유적 성직 철퇴,EQUIPMENT_NAME,TUNABLE,TRUE
ko-KR,TXT_EQ_T5_CLOTH_ARMOR_NAME,빙결 유적 로브,EQUIPMENT_NAME,TUNABLE,TRUE
ko-KR,TXT_EQ_T5_CLOTH_HELMET_NAME,빙결 유적 로브 투구,EQUIPMENT_NAME,TUNABLE,TRUE
ko-KR,TXT_EQ_T5_GUARDIAN_WEAPON_NAME,빙결 유적 수호 철퇴,EQUIPMENT_NAME,TUNABLE,TRUE
ko-KR,TXT_EQ_T5_GUARD_ACCESSORY_NAME,빙결 유적 수호 부적,EQUIPMENT_NAME,TUNABLE,TRUE
ko-KR,TXT_EQ_T5_HEAVY_ARMOR_NAME,빙결 유적 중갑,EQUIPMENT_NAME,TUNABLE,TRUE
ko-KR,TXT_EQ_T5_HEAVY_HELMET_NAME,빙결 유적 중갑 투구,EQUIPMENT_NAME,TUNABLE,TRUE
ko-KR,TXT_EQ_T5_LIGHT_ARMOR_NAME,빙결 유적 경갑,EQUIPMENT_NAME,TUNABLE,TRUE
ko-KR,TXT_EQ_T5_LIGHT_HELMET_NAME,빙결 유적 경갑 투구,EQUIPMENT_NAME,TUNABLE,TRUE
ko-KR,TXT_EQ_T5_MAGE_WEAPON_NAME,빙결 유적 지팡이,EQUIPMENT_NAME,TUNABLE,TRUE
ko-KR,TXT_EQ_T5_POWER_ACCESSORY_NAME,빙결 유적 힘의 부적,EQUIPMENT_NAME,TUNABLE,TRUE
ko-KR,TXT_EQ_T5_WARRIOR_WEAPON_NAME,빙결 유적 검,EQUIPMENT_NAME,TUNABLE,TRUE
ko-KR,TXT_EQ_T5_WISDOM_ACCESSORY_NAME,빙결 유적 지혜의 펜던트,EQUIPMENT_NAME,TUNABLE,TRUE
ko-KR,TXT_FAC_ALCHEMY_L1_EFFECT,하급 포션,FACILITY_EFFECT,TUNABLE,TRUE
ko-KR,TXT_FAC_ALCHEMY_L2_EFFECT,중급·해독제,FACILITY_EFFECT,TUNABLE,TRUE
ko-KR,TXT_FAC_ALCHEMY_L3_EFFECT,상급·저항약,FACILITY_EFFECT,TUNABLE,TRUE
ko-KR,TXT_FAC_ALCHEMY_L4_EFFECT,레이드 포션,FACILITY_EFFECT,TUNABLE,TRUE
ko-KR,TXT_FAC_ALCHEMY_NAME,연금술 공방,FACILITY_NAME,TUNABLE,TRUE
ko-KR,TXT_FAC_BLACKSMITH_L1_EFFECT,T1 제작·분해,FACILITY_EFFECT,TUNABLE,TRUE
ko-KR,TXT_FAC_BLACKSMITH_L2_EFFECT,T2·강화 +5,FACILITY_EFFECT,TUNABLE,TRUE
ko-KR,TXT_FAC_BLACKSMITH_L3_EFFECT,T3/T4·강화 +8·제련,FACILITY_EFFECT,TUNABLE,TRUE
ko-KR,TXT_FAC_BLACKSMITH_L4_EFFECT,T5·보스 장비·강화 +10,FACILITY_EFFECT,TUNABLE,TRUE
ko-KR,TXT_FAC_BLACKSMITH_NAME,대장간,FACILITY_NAME,TUNABLE,TRUE
ko-KR,TXT_FAC_GUILD_L1_EFFECT,정식 승급,FACILITY_EFFECT,TUNABLE,TRUE
ko-KR,TXT_FAC_GUILD_L2_EFFECT,숙련 승급·지역 정책,FACILITY_EFFECT,TUNABLE,TRUE
ko-KR,TXT_FAC_GUILD_L3_EFFECT,정예 승급·레이드 준비,FACILITY_EFFECT,TUNABLE,TRUE
ko-KR,TXT_FAC_GUILD_L4_EFFECT,영웅·전설 승급,FACILITY_EFFECT,TUNABLE,TRUE
ko-KR,TXT_FAC_GUILD_NAME,모험가 길드,FACILITY_NAME,TUNABLE,TRUE
ko-KR,TXT_FAC_INFIRMARY_L1_EFFECT,기본 치료,FACILITY_EFFECT,TUNABLE,TRUE
ko-KR,TXT_FAC_INFIRMARY_L2_EFFECT,치료 시간 -15%,FACILITY_EFFECT,TUNABLE,TRUE
ko-KR,TXT_FAC_INFIRMARY_L3_EFFECT,상태 이상 치료,FACILITY_EFFECT,TUNABLE,TRUE
ko-KR,TXT_FAC_INFIRMARY_L4_EFFECT,치료 시간 -35%,FACILITY_EFFECT,TUNABLE,TRUE
ko-KR,TXT_FAC_INFIRMARY_NAME,치료소,FACILITY_NAME,TUNABLE,TRUE
ko-KR,TXT_FAC_LODGE_L1_EFFECT,활동 4/보유 8,FACILITY_EFFECT,TUNABLE,TRUE
ko-KR,TXT_FAC_LODGE_L2_EFFECT,활동 8/보유 12,FACILITY_EFFECT,TUNABLE,TRUE
ko-KR,TXT_FAC_LODGE_L3_EFFECT,활동 12/보유 18,FACILITY_EFFECT,TUNABLE,TRUE
ko-KR,TXT_FAC_LODGE_L4_EFFECT,활동 16/보유 24,FACILITY_EFFECT,TUNABLE,TRUE
ko-KR,TXT_FAC_LODGE_NAME,용병 숙소,FACILITY_NAME,TUNABLE,TRUE
ko-KR,TXT_FAC_STORE_L1_EFFECT,기본 매입·판매,FACILITY_EFFECT,TUNABLE,TRUE
ko-KR,TXT_FAC_STORE_L2_EFFECT,가격 정책·재고 목표,FACILITY_EFFECT,TUNABLE,TRUE
ko-KR,TXT_FAC_STORE_L3_EFFECT,희귀 장비 취급,FACILITY_EFFECT,TUNABLE,TRUE
ko-KR,TXT_FAC_STORE_L4_EFFECT,보스 장비 진열,FACILITY_EFFECT,TUNABLE,TRUE
ko-KR,TXT_FAC_STORE_NAME,상점,FACILITY_NAME,TUNABLE,TRUE
ko-KR,TXT_FAC_TAVERN_L1_EFFECT,"후보 3명, C/B/A",FACILITY_EFFECT,TUNABLE,TRUE
ko-KR,TXT_FAC_TAVERN_L2_EFFECT,"후보 4명, B/A 확률 증가",FACILITY_EFFECT,TUNABLE,TRUE
ko-KR,TXT_FAC_TAVERN_L3_EFFECT,"후보 5명, A 확률 증가",FACILITY_EFFECT,TUNABLE,TRUE
ko-KR,TXT_FAC_TAVERN_L4_EFFECT,"후보 잠금 2칸, 최고 A 확률",FACILITY_EFFECT,TUNABLE,TRUE
ko-KR,TXT_FAC_TAVERN_NAME,주점,FACILITY_NAME,TUNABLE,TRUE
ko-KR,TXT_FAC_WAREHOUSE_L1_EFFECT,용량 200,FACILITY_EFFECT,TUNABLE,TRUE
ko-KR,TXT_FAC_WAREHOUSE_L2_EFFECT,용량 500·예약 재고,FACILITY_EFFECT,TUNABLE,TRUE
ko-KR,TXT_FAC_WAREHOUSE_L3_EFFECT,용량 1200,FACILITY_EFFECT,TUNABLE,TRUE
ko-KR,TXT_FAC_WAREHOUSE_L4_EFFECT,용량 3000·필터,FACILITY_EFFECT,TUNABLE,TRUE
ko-KR,TXT_FAC_WAREHOUSE_NAME,창고,FACILITY_NAME,TUNABLE,TRUE
ko-KR,TXT_GRADE_A_NAME,A,MERCENARY_GRADE_NAME,CONFIRMED,TRUE
ko-KR,TXT_GRADE_B_NAME,B,MERCENARY_GRADE_NAME,CONFIRMED,TRUE
ko-KR,TXT_GRADE_C_NAME,C,MERCENARY_GRADE_NAME,CONFIRMED,TRUE
ko-KR,TXT_GRADE_SS_NAME,SS,MERCENARY_GRADE_NAME,CONFIRMED,TRUE
ko-KR,TXT_GRADE_S_NAME,S,MERCENARY_GRADE_NAME,CONFIRMED,TRUE
ko-KR,TXT_INVENTORY_RETURN_THRESHOLD_DESCRIPTION,귀환 임계치,RUNTIME_CONFIG_DESCRIPTION,TUNABLE,TRUE
ko-KR,TXT_JOB_ARCHER_NAME,궁수,JOB_NAME,CONFIRMED,TRUE
ko-KR,TXT_JOB_ARCHER_NOTES,원거리 단일 딜러,JOB_NOTES,CONFIRMED,TRUE
ko-KR,TXT_JOB_CLERIC_NAME,성직자,JOB_NAME,CONFIRMED,TRUE
ko-KR,TXT_JOB_CLERIC_NOTES,회복·보조,JOB_NOTES,CONFIRMED,TRUE
ko-KR,TXT_JOB_GUARDIAN_NAME,수호자,JOB_NAME,CONFIRMED,TRUE
ko-KR,TXT_JOB_GUARDIAN_NOTES,도발·피해 흡수,JOB_NOTES,CONFIRMED,TRUE
ko-KR,TXT_JOB_MAGE_NAME,마법사,JOB_NAME,CONFIRMED,TRUE
ko-KR,TXT_JOB_MAGE_NOTES,범위·속성 공격,JOB_NOTES,CONFIRMED,TRUE
ko-KR,TXT_JOB_WARRIOR_NAME,전사,JOB_NAME,CONFIRMED,TRUE
ko-KR,TXT_JOB_WARRIOR_NOTES,근접 균형 딜러,JOB_NOTES,CONFIRMED,TRUE
ko-KR,TXT_KINGDOM_1_NAME,폐허 전초기지,KINGDOM_STAGE_NAME,CONFIRMED,TRUE
ko-KR,TXT_KINGDOM_2_NAME,정착 마을,KINGDOM_STAGE_NAME,TUNABLE,TRUE
ko-KR,TXT_KINGDOM_3_NAME,요새 도시,KINGDOM_STAGE_NAME,TUNABLE,TRUE
ko-KR,TXT_KINGDOM_4_NAME,성채 수도,KINGDOM_STAGE_NAME,TUNABLE,TRUE
ko-KR,TXT_KINGDOM_5_NAME,복구된 왕국,KINGDOM_STAGE_NAME,TUNABLE,TRUE
ko-KR,TXT_MAT_BOSS_ASH_CORE_NAME,잿불 핵,ITEM_NAME,TUNABLE,TRUE
ko-KR,TXT_MAT_BOSS_DRAGON_HEART_NAME,고룡의 심장,ITEM_NAME,TUNABLE,TRUE
ko-KR,TXT_MAT_BOSS_DRAGON_HORN_NAME,고룡의 뿔,ITEM_NAME,TUNABLE,TRUE
ko-KR,TXT_MAT_BOSS_DRAGON_SCALE_NAME,잿빛 용비늘,ITEM_NAME,TUNABLE,TRUE
ko-KR,TXT_MAT_BOSS_HYDRA_FANG_NAME,히드라 송곳니,ITEM_NAME,TUNABLE,TRUE
ko-KR,TXT_MAT_BOSS_HYDRA_HEART_NAME,히드라 심장,ITEM_NAME,TUNABLE,TRUE
ko-KR,TXT_MAT_BOSS_HYDRA_SCALE_NAME,히드라 비늘,ITEM_NAME,TUNABLE,TRUE
ko-KR,TXT_MAT_BOSS_HYDRA_VENOM_NAME,원초 독액,ITEM_NAME,TUNABLE,TRUE
ko-KR,TXT_MAT_ENHANCE_1_NAME,하급 강화석,ITEM_NAME,TUNABLE,TRUE
ko-KR,TXT_MAT_ENHANCE_2_NAME,중급 강화석,ITEM_NAME,TUNABLE,TRUE
ko-KR,TXT_MAT_ENHANCE_3_NAME,상급 강화석,ITEM_NAME,TUNABLE,TRUE
ko-KR,TXT_MAT_ENHANCE_4_NAME,최상급 강화석,ITEM_NAME,TUNABLE,TRUE
ko-KR,TXT_MAT_PROMO_ANCIENT_AWAKENING_NAME,고대 각성석,ITEM_NAME,TUNABLE,TRUE
ko-KR,TXT_MAT_PROMO_AWAKENING_STONE_NAME,각성석,ITEM_NAME,TUNABLE,TRUE
ko-KR,TXT_MAT_PROMO_BRONZE_EMBLEM_NAME,청동 승급 문장,ITEM_NAME,TUNABLE,TRUE
ko-KR,TXT_MAT_PROMO_ELITE_SIGIL_NAME,정예의 인장,ITEM_NAME,TUNABLE,TRUE
ko-KR,TXT_MAT_PROMO_FATE_CHALICE_NAME,운명의 성배,ITEM_NAME,TUNABLE,TRUE
ko-KR,TXT_MAT_PROMO_HERO_CREST_NAME,영웅의 증표,ITEM_NAME,TUNABLE,TRUE
ko-KR,TXT_MAT_PROMO_LEGEND_CREST_NAME,전설의 증표,ITEM_NAME,TUNABLE,TRUE
ko-KR,TXT_MAT_PROMO_RARE_CORE_NAME,희귀 핵,ITEM_NAME,TUNABLE,TRUE
ko-KR,TXT_MAT_PROMO_SILVER_BADGE_NAME,은빛 승급패,ITEM_NAME,TUNABLE,TRUE
ko-KR,TXT_MAT_PROMO_STAR_SIGIL_NAME,별의 인장,ITEM_NAME,TUNABLE,TRUE
ko-KR,TXT_MAT_R01_BOAR_HIDE_NAME,멧돼지 가죽,ITEM_NAME,TUNABLE,TRUE
ko-KR,TXT_MAT_R01_MEADOW_CRYSTAL_NAME,초원 결정,ITEM_NAME,TUNABLE,TRUE
ko-KR,TXT_MAT_R01_SLIME_GEL_NAME,슬라임 젤,ITEM_NAME,TUNABLE,TRUE
ko-KR,TXT_MAT_R01_SOFTWOOD_NAME,부드러운 목재,ITEM_NAME,TUNABLE,TRUE
ko-KR,TXT_MAT_R01_WILD_HERB_NAME,들풀 약초,ITEM_NAME,TUNABLE,TRUE
ko-KR,TXT_MAT_R01_WOLF_FANG_NAME,늑대 송곳니,ITEM_NAME,TUNABLE,TRUE
ko-KR,TXT_MAT_R02_DARKWOOD_NAME,어둠목,ITEM_NAME,TUNABLE,TRUE
ko-KR,TXT_MAT_R02_FOREST_CORE_NAME,숲의 핵,ITEM_NAME,TUNABLE,TRUE
ko-KR,TXT_MAT_R02_MOONLEAF_NAME,달빛잎,ITEM_NAME,TUNABLE,TRUE
ko-KR,TXT_MAT_R02_OGRE_BONE_NAME,오우거 뼈,ITEM_NAME,TUNABLE,TRUE
ko-KR,TXT_MAT_R02_SPIDER_SILK_NAME,거미 비단,ITEM_NAME,TUNABLE,TRUE
ko-KR,TXT_MAT_R02_VENOM_SAC_NAME,독주머니,ITEM_NAME,TUNABLE,TRUE
ko-KR,TXT_MAT_R03_ANCIENT_GEAR_NAME,고대 톱니,ITEM_NAME,TUNABLE,TRUE
ko-KR,TXT_MAT_R03_BAT_WING_NAME,동굴 박쥐 날개,ITEM_NAME,TUNABLE,TRUE
ko-KR,TXT_MAT_R03_COAL_NAME,고열 석탄,ITEM_NAME,TUNABLE,TRUE
ko-KR,TXT_MAT_R03_GOLEM_FRAGMENT_NAME,골렘 파편,ITEM_NAME,TUNABLE,TRUE
ko-KR,TXT_MAT_R03_IRON_ORE_NAME,철광석,ITEM_NAME,TUNABLE,TRUE
ko-KR,TXT_MAT_R03_SILVER_ORE_NAME,은광석,ITEM_NAME,TUNABLE,TRUE
ko-KR,TXT_MAT_R04_BOG_CRYSTAL_NAME,늪 결정,ITEM_NAME,TUNABLE,TRUE
ko-KR,TXT_MAT_R04_MIASMA_MOSS_NAME,독안개 이끼,ITEM_NAME,TUNABLE,TRUE
ko-KR,TXT_MAT_R04_SWAMP_REED_NAME,늪지 갈대,ITEM_NAME,TUNABLE,TRUE
ko-KR,TXT_MAT_R04_TOXIC_GLAND_NAME,맹독선,ITEM_NAME,TUNABLE,TRUE
ko-KR,TXT_MAT_R04_TROLL_HIDE_NAME,늪 트롤 가죽,ITEM_NAME,TUNABLE,TRUE
ko-KR,TXT_MAT_R04_WITCHWATER_NAME,마녀수,ITEM_NAME,TUNABLE,TRUE
ko-KR,TXT_MAT_R05_ANCIENT_RUNE_NAME,고대 룬,ITEM_NAME,TUNABLE,TRUE
ko-KR,TXT_MAT_R05_FROST_ORE_NAME,서리 광석,ITEM_NAME,TUNABLE,TRUE
ko-KR,TXT_MAT_R05_FROZEN_CORE_NAME,빙결 핵,ITEM_NAME,TUNABLE,TRUE
ko-KR,TXT_MAT_R05_ICE_BLOOM_NAME,얼음꽃,ITEM_NAME,TUNABLE,TRUE
ko-KR,TXT_MAT_R05_WRAITH_DUST_NAME,망령 가루,ITEM_NAME,TUNABLE,TRUE
ko-KR,TXT_MAT_R05_YETI_FUR_NAME,설인 모피,ITEM_NAME,TUNABLE,TRUE
ko-KR,TXT_MAT_REFINE_STABILIZER_NAME,제련 안정제,ITEM_NAME,TUNABLE,TRUE
ko-KR,TXT_MON_R01_BOAR_NAME,들멧돼지,MONSTER_NAME,TUNABLE,TRUE
ko-KR,TXT_MON_R01_ELITE_DIRE_WOLF_NAME,광포한 늑대,MONSTER_NAME,TUNABLE,TRUE
ko-KR,TXT_MON_R01_GOBLIN_NAME,떠돌이 고블린,MONSTER_NAME,TUNABLE,TRUE
ko-KR,TXT_MON_R01_SLIME_NAME,초원 슬라임,MONSTER_NAME,TUNABLE,TRUE
ko-KR,TXT_MON_R01_WOLF_NAME,회색 늑대,MONSTER_NAME,TUNABLE,TRUE
ko-KR,TXT_MON_R02_ELITE_OGRE_NAME,숲 오우거 족장,MONSTER_NAME,TUNABLE,TRUE
ko-KR,TXT_MON_R02_LIZARD_NAME,숲도마뱀,MONSTER_NAME,TUNABLE,TRUE
ko-KR,TXT_MON_R02_SHAMAN_NAME,고블린 주술사,MONSTER_NAME,TUNABLE,TRUE
ko-KR,TXT_MON_R02_SPIDER_NAME,그늘 거미,MONSTER_NAME,TUNABLE,TRUE
ko-KR,TXT_MON_R02_TREANT_NAME,어린 트렌트,MONSTER_NAME,TUNABLE,TRUE
ko-KR,TXT_MON_R03_BAT_NAME,철광 박쥐,MONSTER_NAME,TUNABLE,TRUE
ko-KR,TXT_MON_R03_CRAWLER_NAME,동굴 포식자,MONSTER_NAME,TUNABLE,TRUE
ko-KR,TXT_MON_R03_ELITE_GUARDIAN_NAME,광산 수호자,MONSTER_NAME,TUNABLE,TRUE
ko-KR,TXT_MON_R03_GOLEM_NAME,철 골렘,MONSTER_NAME,TUNABLE,TRUE
ko-KR,TXT_MON_R03_MINER_NAME,망령 광부,MONSTER_NAME,TUNABLE,TRUE
ko-KR,TXT_MON_R04_ELITE_HYDRA_SPAWN_NAME,히드라 유생,MONSTER_NAME,TUNABLE,TRUE
ko-KR,TXT_MON_R04_FROG_NAME,맹독 개구리,MONSTER_NAME,TUNABLE,TRUE
ko-KR,TXT_MON_R04_PLAGUE_BEAST_NAME,역병 마수,MONSTER_NAME,TUNABLE,TRUE
ko-KR,TXT_MON_R04_TROLL_NAME,늪 트롤,MONSTER_NAME,TUNABLE,TRUE
ko-KR,TXT_MON_R04_WITCH_NAME,늪지 마녀,MONSTER_NAME,TUNABLE,TRUE
ko-KR,TXT_MON_R05_ELITE_FROST_GIANT_NAME,서리 거인,MONSTER_NAME,TUNABLE,TRUE
ko-KR,TXT_MON_R05_ICE_WOLF_NAME,빙설 늑대,MONSTER_NAME,TUNABLE,TRUE
ko-KR,TXT_MON_R05_RUNE_SENTINEL_NAME,룬 파수병,MONSTER_NAME,TUNABLE,TRUE
ko-KR,TXT_MON_R05_WRAITH_NAME,서리 망령,MONSTER_NAME,TUNABLE,TRUE
ko-KR,TXT_MON_R05_YETI_NAME,설인,MONSTER_NAME,TUNABLE,TRUE
ko-KR,TXT_NPC_ALCHEMIST_NAME,연금술사,NPC_PROFESSION_NAME,CONFIRMED,TRUE
ko-KR,TXT_NPC_APPRENTICE_NAME,견습,NPC_PROFICIENCY_NAME,CONFIRMED,TRUE
ko-KR,TXT_NPC_ARTISAN_NAME,장인,NPC_PROFICIENCY_NAME,TUNABLE,TRUE
ko-KR,TXT_NPC_BLACKSMITH_NAME,대장장이,NPC_PROFESSION_NAME,CONFIRMED,TRUE
ko-KR,TXT_NPC_HEALER_NAME,치료사,NPC_PROFESSION_NAME,CONFIRMED,TRUE
ko-KR,TXT_NPC_MASTER_NAME,명장,NPC_PROFICIENCY_NAME,TUNABLE,TRUE
ko-KR,TXT_NPC_MERCHANT_NAME,상점 주인,NPC_PROFESSION_NAME,CONFIRMED,TRUE
ko-KR,TXT_NPC_SKILLED_NAME,숙련,NPC_PROFICIENCY_NAME,TUNABLE,TRUE
ko-KR,TXT_OFFLINE_HUNT_EFFICIENCY_DESCRIPTION,온라인 대비 기본 효율,RUNTIME_CONFIG_DESCRIPTION,TUNABLE,TRUE
ko-KR,TXT_OFFLINE_MAX_HOURS_DESCRIPTION,오프라인 정산 상한,RUNTIME_CONFIG_DESCRIPTION,TUNABLE,TRUE
ko-KR,TXT_P04_ACTION_ASSIGN,NPC 배치,P04_UI,CONFIRMED,TRUE
ko-KR,TXT_P04_ACTION_BACK,뒤로,P04_UI,CONFIRMED,TRUE
ko-KR,TXT_P04_ACTION_BUILD,건설,P04_UI,CONFIRMED,TRUE
ko-KR,TXT_P04_ACTION_CANCEL,취소,P04_UI,CONFIRMED,TRUE
ko-KR,TXT_P04_ACTION_CLAIM,완료,P04_UI,CONFIRMED,TRUE
ko-KR,TXT_P04_ACTION_CLOSE,닫기,P04_UI,CONFIRMED,TRUE
ko-KR,TXT_P04_ACTION_CONFIRM,확인,P04_UI,CONFIRMED,TRUE
ko-KR,TXT_P04_ACTION_RETRY,다시 시도,P04_UI,CONFIRMED,TRUE
ko-KR,TXT_P04_ACTION_UNASSIGN,배치 해제,P04_UI,CONFIRMED,TRUE
ko-KR,TXT_P04_ACTION_UPGRADE,업그레이드,P04_UI,CONFIRMED,TRUE
ko-KR,TXT_P04_AUTOSAVE_DEBOUNCE_DESC,P04 자동 저장 debounce,P04_UI,CONFIRMED,TRUE
ko-KR,TXT_P04_COST_GOLD,왕국 골드 {amount},P04_UI,CONFIRMED,TRUE
ko-KR,TXT_P04_COST_MATERIAL,{item} × {amount},P04_UI,CONFIRMED,TRUE
ko-KR,TXT_P04_DEV_CLOCK_DESC,P04 테스트 시계 모드,P04_UI,CONFIRMED,TRUE
ko-KR,TXT_P04_DRAWER_DURATION_DESC,시설 Drawer 애니메이션 시간,P04_UI,CONFIRMED,TRUE
ko-KR,TXT_P04_ERROR_GOLD,왕국 골드가 부족합니다.,P04_UI,CONFIRMED,TRUE
ko-KR,TXT_P04_ERROR_JOB_NOT_READY,아직 완료되지 않았습니다.,P04_UI,CONFIRMED,TRUE
ko-KR,TXT_P04_ERROR_JOB_RUNNING,이미 진행 중인 작업이 있습니다.,P04_UI,CONFIRMED,TRUE
ko-KR,TXT_P04_ERROR_MATERIAL,건설 재료가 부족합니다.,P04_UI,CONFIRMED,TRUE
ko-KR,TXT_P04_ERROR_MAX_LEVEL,최대 레벨입니다.,P04_UI,CONFIRMED,TRUE
ko-KR,TXT_P04_ERROR_NPC_ASSIGNED,이미 다른 시설에 배치된 NPC입니다.,P04_UI,CONFIRMED,TRUE
ko-KR,TXT_P04_ERROR_NPC_NONE,배치할 관리 NPC가 없습니다.,P04_UI,CONFIRMED,TRUE
ko-KR,TXT_P04_ERROR_NPC_PROFESSION,이 시설에 맞는 직종이 아닙니다.,P04_UI,CONFIRMED,TRUE
ko-KR,TXT_P04_ERROR_PROFILE_AMBIGUOUS,여러 로컬 왕국이 발견되어 자동으로 선택할 수 없습니다.,P04_PROFILE,CONFIRMED,TRUE
ko-KR,TXT_P04_ERROR_PROFILE_DISCOVERY,로컬 왕국 저장소를 확인하지 못했습니다.,P04_PROFILE,CONFIRMED,TRUE
ko-KR,TXT_P04_ERROR_REVISION,다른 변경이 먼저 저장되었습니다. 다시 불러옵니다.,P04_UI,CONFIRMED,TRUE
ko-KR,TXT_P04_ERROR_SAVE_CREATE,새 왕국을 저장하지 못했습니다.,P04_UI,CONFIRMED,TRUE
ko-KR,TXT_P04_ERROR_SAVE_LOAD,저장 데이터를 불러오지 못했습니다.,P04_UI,CONFIRMED,TRUE
ko-KR,TXT_P04_ERROR_SAVE_WRITE,변경 사항을 저장하지 못했습니다.,P04_UI,CONFIRMED,TRUE
ko-KR,TXT_P04_ERROR_STAGE,왕국 단계가 부족합니다.,P04_UI,CONFIRMED,TRUE
ko-KR,TXT_P04_HUD_GOLD,골드 {amount},P04_UI,CONFIRMED,TRUE
ko-KR,TXT_P04_HUD_PREMIUM,프리미엄 {amount},P04_UI,CONFIRMED,TRUE
ko-KR,TXT_P04_HUD_RECOVERED,백업 저장을 복구했습니다.,P04_UI,CONFIRMED,TRUE
ko-KR,TXT_P04_HUD_STAGE,왕국 단계 {stage},P04_UI,CONFIRMED,TRUE
ko-KR,TXT_P04_LOCKED_PHASE_ALCHEMY,연금술 기능은 P10에서 개방됩니다.,P04_UI,CONFIRMED,TRUE
ko-KR,TXT_P04_LOCKED_PHASE_BLACKSMITH,제작 기능은 P10에서 개방됩니다.,P04_UI,CONFIRMED,TRUE
ko-KR,TXT_P04_LOCKED_PHASE_GUILD,의뢰 기능은 P11에서 개방됩니다.,P04_UI,CONFIRMED,TRUE
ko-KR,TXT_P04_LOCKED_PHASE_INFIRMARY,치료 기능은 P09에서 개방됩니다.,P04_UI,CONFIRMED,TRUE
ko-KR,TXT_P04_LOCKED_PHASE_STORE,거래 기능은 P08에서 개방됩니다.,P04_UI,CONFIRMED,TRUE
ko-KR,TXT_P04_LOCKED_PHASE_TAVERN,모집 기능은 P13에서 개방됩니다.,P04_UI,CONFIRMED,TRUE
ko-KR,TXT_P04_LOCKED_PHASE_WAREHOUSE,창고 기능은 P07에서 개방됩니다.,P04_UI,CONFIRMED,TRUE
ko-KR,TXT_P04_LOCKED_STAGE,왕국 단계 {stage}에서 개방됩니다.,P04_UI,CONFIRMED,TRUE
ko-KR,TXT_P04_MODAL_ASSIGN_TITLE,관리 NPC 배치,P04_UI,CONFIRMED,TRUE
ko-KR,TXT_P04_MODAL_BUILD_TITLE,시설 건설,P04_UI,CONFIRMED,TRUE
ko-KR,TXT_P04_MODAL_UPGRADE_TITLE,시설 업그레이드,P04_UI,CONFIRMED,TRUE
ko-KR,TXT_P04_NAV_CRAFT,제작,P04_UI,CONFIRMED,TRUE
ko-KR,TXT_P04_NAV_KINGDOM,왕국,P04_UI,CONFIRMED,TRUE
ko-KR,TXT_P04_NAV_MENU,메뉴,P04_UI,CONFIRMED,TRUE
ko-KR,TXT_P04_NAV_MERCENARIES,용병,P04_UI,CONFIRMED,TRUE
ko-KR,TXT_P04_NAV_RECRUIT,모집,P04_UI,CONFIRMED,TRUE
ko-KR,TXT_P04_NAV_REGION,지역,P04_UI,CONFIRMED,TRUE
ko-KR,TXT_P04_STATE_ACTIVE,가동 중,P04_UI,CONFIRMED,TRUE
ko-KR,TXT_P04_STATE_BUILDABLE,건설 가능,P04_UI,CONFIRMED,TRUE
ko-KR,TXT_P04_STATE_BUILDING,건설 중,P04_UI,CONFIRMED,TRUE
ko-KR,TXT_P04_STATE_LOCKED,잠김,P04_UI,CONFIRMED,TRUE
ko-KR,TXT_P04_STATE_STOPPED,가동 정지,P04_UI,CONFIRMED,TRUE
ko-KR,TXT_P04_STATE_UPGRADING,업그레이드 중,P04_UI,CONFIRMED,TRUE
ko-KR,TXT_P04_STOP_NPC_REQUIRED,올바른 관리 NPC를 배치하면 가동됩니다.,P04_UI,CONFIRMED,TRUE
ko-KR,TXT_P04_TAB_OPERATIONS,운영,P04_UI,CONFIRMED,TRUE
ko-KR,TXT_P04_TAB_OVERVIEW,개요,P04_UI,CONFIRMED,TRUE
ko-KR,TXT_P04_TAB_STAFF,직원,P04_UI,CONFIRMED,TRUE
ko-KR,TXT_P04_TAB_UPGRADE,업그레이드,P04_UI,CONFIRMED,TRUE
ko-KR,TXT_P04_TIMER_TICK_DESC,시설 남은 시간 표시 주기,P04_UI,CONFIRMED,TRUE
ko-KR,TXT_P04_TIME_FINISHES,완료 예정 {time},P04_UI,CONFIRMED,TRUE
ko-KR,TXT_P04_TIME_REMAINING,남은 시간 {time},P04_UI,CONFIRMED,TRUE
ko-KR,TXT_P04_UI_CONTENT,왕국,P04_UI,CONFIRMED,TRUE
ko-KR,TXT_P04_UI_EMPTY,시설 정보를 찾을 수 없습니다.,P04_UI,CONFIRMED,TRUE
ko-KR,TXT_P04_UI_ERROR,왕국을 표시할 수 없습니다.,P04_UI,CONFIRMED,TRUE
ko-KR,TXT_P04_UI_LOADING,왕국을 불러오는 중…,P04_UI,CONFIRMED,TRUE
ko-KR,TXT_P04_UI_LOCKED,아직 잠긴 시설입니다.,P04_UI,CONFIRMED,TRUE
ko-KR,TXT_P04_UI_OFFLINE,오프라인: 로컬 시설 관리는 사용할 수 있습니다.,P04_UI,CONFIRMED,TRUE
ko-KR,TXT_PERSONALITY_BRAVE_DESCRIPTION,위험한 지역과 강한 적을 선호한다.,PERSONALITY_DESCRIPTION,TUNABLE,TRUE
ko-KR,TXT_PERSONALITY_BRAVE_NAME,용감함,PERSONALITY_NAME,TUNABLE,TRUE
ko-KR,TXT_PERSONALITY_CAUTIOUS_DESCRIPTION,생존 가능성이 높은 지역과 이른 귀환을 선호한다.,PERSONALITY_DESCRIPTION,TUNABLE,TRUE
ko-KR,TXT_PERSONALITY_CAUTIOUS_NAME,신중함,PERSONALITY_NAME,TUNABLE,TRUE
ko-KR,TXT_PERSONALITY_COLLECTOR_DESCRIPTION,희귀 재료가 있는 지역을 선호한다.,PERSONALITY_DESCRIPTION,TUNABLE,TRUE
ko-KR,TXT_PERSONALITY_COLLECTOR_NAME,수집벽,PERSONALITY_NAME,TUNABLE,TRUE
ko-KR,TXT_PERSONALITY_FRUGAL_DESCRIPTION,큰 개선이 있을 때만 장비를 구매한다.,PERSONALITY_DESCRIPTION,TUNABLE,TRUE
ko-KR,TXT_PERSONALITY_FRUGAL_NAME,절약가,PERSONALITY_NAME,TUNABLE,TRUE
ko-KR,TXT_PERSONALITY_GEARHEAD_DESCRIPTION,작은 개선에도 장비 구매를 선호한다.,PERSONALITY_DESCRIPTION,TUNABLE,TRUE
ko-KR,TXT_PERSONALITY_GEARHEAD_NAME,장비광,PERSONALITY_NAME,TUNABLE,TRUE
ko-KR,TXT_PERSONALITY_PRACTICAL_DESCRIPTION,가격과 성능을 균형 있게 판단한다.,PERSONALITY_DESCRIPTION,TUNABLE,TRUE
ko-KR,TXT_PERSONALITY_PRACTICAL_NAME,실용주의,PERSONALITY_NAME,TUNABLE,TRUE
ko-KR,TXT_POT_ANTIDOTE_NAME,해독제,POTION_NAME,TUNABLE,TRUE
ko-KR,TXT_POT_FROST_RESIST_NAME,빙결 저항약,POTION_NAME,TUNABLE,TRUE
ko-KR,TXT_POT_HEAL_LARGE_NAME,상급 회복 포션,POTION_NAME,TUNABLE,TRUE
ko-KR,TXT_POT_HEAL_MEDIUM_NAME,중급 회복 포션,POTION_NAME,TUNABLE,TRUE
ko-KR,TXT_POT_HEAL_SMALL_NAME,하급 회복 포션,POTION_NAME,TUNABLE,TRUE
ko-KR,TXT_POT_POISON_RESIST_NAME,독 저항약,POTION_NAME,TUNABLE,TRUE
ko-KR,TXT_POT_RAID_POWER_NAME,레이드 전투약,POTION_NAME,TUNABLE,TRUE
ko-KR,TXT_QUALITY_COMMON_NAME,일반,EQUIPMENT_QUALITY_NAME,CONFIRMED,TRUE
ko-KR,TXT_QUALITY_FINE_NAME,정교,EQUIPMENT_QUALITY_NAME,CONFIRMED,TRUE
ko-KR,TXT_QUALITY_LEGACY_NAME,유산,EQUIPMENT_QUALITY_NAME,CONFIRMED,TRUE
ko-KR,TXT_QUALITY_RARE_NAME,희귀,EQUIPMENT_QUALITY_NAME,CONFIRMED,TRUE
ko-KR,TXT_QUALITY_RELIC_NAME,유물,EQUIPMENT_QUALITY_NAME,CONFIRMED,TRUE
ko-KR,TXT_RAID_DRAGON_DRAGON_BODY_NAME,몸통,RAID_PART_NAME,TUNABLE,TRUE
ko-KR,TXT_RAID_DRAGON_DRAGON_BODY_PRIORITY,방어구 재료,RAID_PART_PRIORITY,TUNABLE,TRUE
ko-KR,TXT_RAID_DRAGON_DRAGON_HEART_NAME,심장,RAID_PART_NAME,TUNABLE,TRUE
ko-KR,TXT_RAID_DRAGON_DRAGON_HEART_PRIORITY,최상위 재료,RAID_PART_PRIORITY,TUNABLE,TRUE
ko-KR,TXT_RAID_DRAGON_DRAGON_HORN_NAME,뿔,RAID_PART_NAME,TUNABLE,TRUE
ko-KR,TXT_RAID_DRAGON_DRAGON_HORN_PRIORITY,무기 재료,RAID_PART_PRIORITY,TUNABLE,TRUE
ko-KR,TXT_RAID_DRAGON_DRAGON_WING_NAME,날개,RAID_PART_NAME,TUNABLE,TRUE
ko-KR,TXT_RAID_DRAGON_DRAGON_WING_PRIORITY,공중 패턴 차단,RAID_PART_PRIORITY,TUNABLE,TRUE
ko-KR,TXT_RAID_DRAGON_NAME,잿빛 고룡,RAID_NAME,TUNABLE,TRUE
ko-KR,TXT_RAID_HYDRA_HYDRA_BODY_NAME,몸통,RAID_PART_NAME,TUNABLE,TRUE
ko-KR,TXT_RAID_HYDRA_HYDRA_BODY_PRIORITY,비늘 재료,RAID_PART_PRIORITY,TUNABLE,TRUE
ko-KR,TXT_RAID_HYDRA_HYDRA_HEAD_NAME,머리,RAID_PART_NAME,TUNABLE,TRUE
ko-KR,TXT_RAID_HYDRA_HYDRA_HEAD_PRIORITY,독 공격 약화,RAID_PART_PRIORITY,TUNABLE,TRUE
ko-KR,TXT_RAID_HYDRA_HYDRA_HEART_NAME,심장,RAID_PART_NAME,TUNABLE,TRUE
ko-KR,TXT_RAID_HYDRA_HYDRA_HEART_PRIORITY,희귀 핵심 재료,RAID_PART_PRIORITY,TUNABLE,TRUE
ko-KR,TXT_RAID_HYDRA_NAME,역병 히드라,RAID_NAME,TUNABLE,TRUE
ko-KR,TXT_RAID_PARTY_MAX_DESCRIPTION,레이드 최대,RUNTIME_CONFIG_DESCRIPTION,TUNABLE,TRUE
ko-KR,TXT_RAID_PARTY_MIN_DESCRIPTION,레이드 최소,RUNTIME_CONFIG_DESCRIPTION,TUNABLE,TRUE
ko-KR,TXT_RANK_APPRENTICE_NAME,수습 용병,MERCENARY_RANK_NAME,CONFIRMED,TRUE
ko-KR,TXT_RANK_ELITE_NAME,정예 용병,MERCENARY_RANK_NAME,CONFIRMED,TRUE
ko-KR,TXT_RANK_HERO_NAME,영웅,MERCENARY_RANK_NAME,CONFIRMED,TRUE
ko-KR,TXT_RANK_LEGEND_NAME,전설,MERCENARY_RANK_NAME,CONFIRMED,TRUE
ko-KR,TXT_RANK_REGULAR_NAME,정식 용병,MERCENARY_RANK_NAME,CONFIRMED,TRUE
ko-KR,TXT_RANK_SKILLED_NAME,숙련 용병,MERCENARY_RANK_NAME,CONFIRMED,TRUE
ko-KR,TXT_RARE_EQUIPMENT_AUTO_PROTECT_DESCRIPTION,희귀 이상 자동 보호,RUNTIME_CONFIG_DESCRIPTION,TUNABLE,TRUE
ko-KR,TXT_REC_EQ_BOSS_DRAGON_ARCHER_NAME,고룡 날개활,RECIPE_NAME,TUNABLE,TRUE
ko-KR,TXT_REC_EQ_BOSS_DRAGON_CLERIC_NAME,재의 성휘,RECIPE_NAME,TUNABLE,TRUE
ko-KR,TXT_REC_EQ_BOSS_DRAGON_GUARDIAN_NAME,잿빛 용린갑,RECIPE_NAME,TUNABLE,TRUE
ko-KR,TXT_REC_EQ_BOSS_DRAGON_MAGE_NAME,고룡심장 지팡이,RECIPE_NAME,TUNABLE,TRUE
ko-KR,TXT_REC_EQ_BOSS_DRAGON_WARRIOR_NAME,잿빛 고룡검,RECIPE_NAME,TUNABLE,TRUE
ko-KR,TXT_REC_EQ_BOSS_HYDRA_ARCHER_NAME,독사의 눈 활,RECIPE_NAME,TUNABLE,TRUE
ko-KR,TXT_REC_EQ_BOSS_HYDRA_CLERIC_NAME,정화의 성배,RECIPE_NAME,TUNABLE,TRUE
ko-KR,TXT_REC_EQ_BOSS_HYDRA_GUARDIAN_NAME,히드라 비늘 수호갑,RECIPE_NAME,TUNABLE,TRUE
ko-KR,TXT_REC_EQ_BOSS_HYDRA_MAGE_NAME,역병 가지 지팡이,RECIPE_NAME,TUNABLE,TRUE
ko-KR,TXT_REC_EQ_BOSS_HYDRA_WARRIOR_NAME,히드라 송곳니 대검,RECIPE_NAME,TUNABLE,TRUE
ko-KR,TXT_REC_EQ_T1_ARCHER_WEAPON_NAME,개척자의 활,RECIPE_NAME,TUNABLE,TRUE
ko-KR,TXT_REC_EQ_T1_CLERIC_WEAPON_NAME,개척자의 성직 철퇴,RECIPE_NAME,TUNABLE,TRUE
ko-KR,TXT_REC_EQ_T1_CLOTH_ARMOR_NAME,개척자의 로브,RECIPE_NAME,TUNABLE,TRUE
ko-KR,TXT_REC_EQ_T1_CLOTH_HELMET_NAME,개척자의 로브 투구,RECIPE_NAME,TUNABLE,TRUE
ko-KR,TXT_REC_EQ_T1_GUARDIAN_WEAPON_NAME,개척자의 수호 철퇴,RECIPE_NAME,TUNABLE,TRUE
ko-KR,TXT_REC_EQ_T1_GUARD_ACCESSORY_NAME,개척자의 수호 부적,RECIPE_NAME,TUNABLE,TRUE
ko-KR,TXT_REC_EQ_T1_HEAVY_ARMOR_NAME,개척자의 중갑,RECIPE_NAME,TUNABLE,TRUE
ko-KR,TXT_REC_EQ_T1_HEAVY_HELMET_NAME,개척자의 중갑 투구,RECIPE_NAME,TUNABLE,TRUE
ko-KR,TXT_REC_EQ_T1_LIGHT_ARMOR_NAME,개척자의 경갑,RECIPE_NAME,TUNABLE,TRUE
ko-KR,TXT_REC_EQ_T1_LIGHT_HELMET_NAME,개척자의 경갑 투구,RECIPE_NAME,TUNABLE,TRUE
ko-KR,TXT_REC_EQ_T1_MAGE_WEAPON_NAME,개척자의 지팡이,RECIPE_NAME,TUNABLE,TRUE
ko-KR,TXT_REC_EQ_T1_POWER_ACCESSORY_NAME,개척자의 힘의 부적,RECIPE_NAME,TUNABLE,TRUE
ko-KR,TXT_REC_EQ_T1_WARRIOR_WEAPON_NAME,개척자의 검,RECIPE_NAME,TUNABLE,TRUE
ko-KR,TXT_REC_EQ_T1_WISDOM_ACCESSORY_NAME,개척자의 지혜의 펜던트,RECIPE_NAME,TUNABLE,TRUE
ko-KR,TXT_REC_EQ_T2_ARCHER_WEAPON_NAME,어둠숲 활,RECIPE_NAME,TUNABLE,TRUE
ko-KR,TXT_REC_EQ_T2_CLERIC_WEAPON_NAME,어둠숲 성직 철퇴,RECIPE_NAME,TUNABLE,TRUE
ko-KR,TXT_REC_EQ_T2_CLOTH_ARMOR_NAME,어둠숲 로브,RECIPE_NAME,TUNABLE,TRUE
ko-KR,TXT_REC_EQ_T2_CLOTH_HELMET_NAME,어둠숲 로브 투구,RECIPE_NAME,TUNABLE,TRUE
ko-KR,TXT_REC_EQ_T2_GUARDIAN_WEAPON_NAME,어둠숲 수호 철퇴,RECIPE_NAME,TUNABLE,TRUE
ko-KR,TXT_REC_EQ_T2_GUARD_ACCESSORY_NAME,어둠숲 수호 부적,RECIPE_NAME,TUNABLE,TRUE
ko-KR,TXT_REC_EQ_T2_HEAVY_ARMOR_NAME,어둠숲 중갑,RECIPE_NAME,TUNABLE,TRUE
ko-KR,TXT_REC_EQ_T2_HEAVY_HELMET_NAME,어둠숲 중갑 투구,RECIPE_NAME,TUNABLE,TRUE
ko-KR,TXT_REC_EQ_T2_LIGHT_ARMOR_NAME,어둠숲 경갑,RECIPE_NAME,TUNABLE,TRUE
ko-KR,TXT_REC_EQ_T2_LIGHT_HELMET_NAME,어둠숲 경갑 투구,RECIPE_NAME,TUNABLE,TRUE
ko-KR,TXT_REC_EQ_T2_MAGE_WEAPON_NAME,어둠숲 지팡이,RECIPE_NAME,TUNABLE,TRUE
ko-KR,TXT_REC_EQ_T2_POWER_ACCESSORY_NAME,어둠숲 힘의 부적,RECIPE_NAME,TUNABLE,TRUE
ko-KR,TXT_REC_EQ_T2_WARRIOR_WEAPON_NAME,어둠숲 검,RECIPE_NAME,TUNABLE,TRUE
ko-KR,TXT_REC_EQ_T2_WISDOM_ACCESSORY_NAME,어둠숲 지혜의 펜던트,RECIPE_NAME,TUNABLE,TRUE
ko-KR,TXT_REC_EQ_T3_ARCHER_WEAPON_NAME,철맥 활,RECIPE_NAME,TUNABLE,TRUE
ko-KR,TXT_REC_EQ_T3_CLERIC_WEAPON_NAME,철맥 성직 철퇴,RECIPE_NAME,TUNABLE,TRUE
ko-KR,TXT_REC_EQ_T3_CLOTH_ARMOR_NAME,철맥 로브,RECIPE_NAME,TUNABLE,TRUE
ko-KR,TXT_REC_EQ_T3_CLOTH_HELMET_NAME,철맥 로브 투구,RECIPE_NAME,TUNABLE,TRUE
ko-KR,TXT_REC_EQ_T3_GUARDIAN_WEAPON_NAME,철맥 수호 철퇴,RECIPE_NAME,TUNABLE,TRUE
ko-KR,TXT_REC_EQ_T3_GUARD_ACCESSORY_NAME,철맥 수호 부적,RECIPE_NAME,TUNABLE,TRUE
ko-KR,TXT_REC_EQ_T3_HEAVY_ARMOR_NAME,철맥 중갑,RECIPE_NAME,TUNABLE,TRUE
ko-KR,TXT_REC_EQ_T3_HEAVY_HELMET_NAME,철맥 중갑 투구,RECIPE_NAME,TUNABLE,TRUE
ko-KR,TXT_REC_EQ_T3_LIGHT_ARMOR_NAME,철맥 경갑,RECIPE_NAME,TUNABLE,TRUE
ko-KR,TXT_REC_EQ_T3_LIGHT_HELMET_NAME,철맥 경갑 투구,RECIPE_NAME,TUNABLE,TRUE
ko-KR,TXT_REC_EQ_T3_MAGE_WEAPON_NAME,철맥 지팡이,RECIPE_NAME,TUNABLE,TRUE
ko-KR,TXT_REC_EQ_T3_POWER_ACCESSORY_NAME,철맥 힘의 부적,RECIPE_NAME,TUNABLE,TRUE
ko-KR,TXT_REC_EQ_T3_WARRIOR_WEAPON_NAME,철맥 검,RECIPE_NAME,TUNABLE,TRUE
ko-KR,TXT_REC_EQ_T3_WISDOM_ACCESSORY_NAME,철맥 지혜의 펜던트,RECIPE_NAME,TUNABLE,TRUE
ko-KR,TXT_REC_EQ_T4_ARCHER_WEAPON_NAME,독안개 활,RECIPE_NAME,TUNABLE,TRUE
ko-KR,TXT_REC_EQ_T4_CLERIC_WEAPON_NAME,독안개 성직 철퇴,RECIPE_NAME,TUNABLE,TRUE
ko-KR,TXT_REC_EQ_T4_CLOTH_ARMOR_NAME,독안개 로브,RECIPE_NAME,TUNABLE,TRUE
ko-KR,TXT_REC_EQ_T4_CLOTH_HELMET_NAME,독안개 로브 투구,RECIPE_NAME,TUNABLE,TRUE
ko-KR,TXT_REC_EQ_T4_GUARDIAN_WEAPON_NAME,독안개 수호 철퇴,RECIPE_NAME,TUNABLE,TRUE
ko-KR,TXT_REC_EQ_T4_GUARD_ACCESSORY_NAME,독안개 수호 부적,RECIPE_NAME,TUNABLE,TRUE
ko-KR,TXT_REC_EQ_T4_HEAVY_ARMOR_NAME,독안개 중갑,RECIPE_NAME,TUNABLE,TRUE
ko-KR,TXT_REC_EQ_T4_HEAVY_HELMET_NAME,독안개 중갑 투구,RECIPE_NAME,TUNABLE,TRUE
ko-KR,TXT_REC_EQ_T4_LIGHT_ARMOR_NAME,독안개 경갑,RECIPE_NAME,TUNABLE,TRUE
ko-KR,TXT_REC_EQ_T4_LIGHT_HELMET_NAME,독안개 경갑 투구,RECIPE_NAME,TUNABLE,TRUE
ko-KR,TXT_REC_EQ_T4_MAGE_WEAPON_NAME,독안개 지팡이,RECIPE_NAME,TUNABLE,TRUE
ko-KR,TXT_REC_EQ_T4_POWER_ACCESSORY_NAME,독안개 힘의 부적,RECIPE_NAME,TUNABLE,TRUE
ko-KR,TXT_REC_EQ_T4_WARRIOR_WEAPON_NAME,독안개 검,RECIPE_NAME,TUNABLE,TRUE
ko-KR,TXT_REC_EQ_T4_WISDOM_ACCESSORY_NAME,독안개 지혜의 펜던트,RECIPE_NAME,TUNABLE,TRUE
ko-KR,TXT_REC_EQ_T5_ARCHER_WEAPON_NAME,빙결 유적 활,RECIPE_NAME,TUNABLE,TRUE
ko-KR,TXT_REC_EQ_T5_CLERIC_WEAPON_NAME,빙결 유적 성직 철퇴,RECIPE_NAME,TUNABLE,TRUE
ko-KR,TXT_REC_EQ_T5_CLOTH_ARMOR_NAME,빙결 유적 로브,RECIPE_NAME,TUNABLE,TRUE
ko-KR,TXT_REC_EQ_T5_CLOTH_HELMET_NAME,빙결 유적 로브 투구,RECIPE_NAME,TUNABLE,TRUE
ko-KR,TXT_REC_EQ_T5_GUARDIAN_WEAPON_NAME,빙결 유적 수호 철퇴,RECIPE_NAME,TUNABLE,TRUE
ko-KR,TXT_REC_EQ_T5_GUARD_ACCESSORY_NAME,빙결 유적 수호 부적,RECIPE_NAME,TUNABLE,TRUE
ko-KR,TXT_REC_EQ_T5_HEAVY_ARMOR_NAME,빙결 유적 중갑,RECIPE_NAME,TUNABLE,TRUE
ko-KR,TXT_REC_EQ_T5_HEAVY_HELMET_NAME,빙결 유적 중갑 투구,RECIPE_NAME,TUNABLE,TRUE
ko-KR,TXT_REC_EQ_T5_LIGHT_ARMOR_NAME,빙결 유적 경갑,RECIPE_NAME,TUNABLE,TRUE
ko-KR,TXT_REC_EQ_T5_LIGHT_HELMET_NAME,빙결 유적 경갑 투구,RECIPE_NAME,TUNABLE,TRUE
ko-KR,TXT_REC_EQ_T5_MAGE_WEAPON_NAME,빙결 유적 지팡이,RECIPE_NAME,TUNABLE,TRUE
ko-KR,TXT_REC_EQ_T5_POWER_ACCESSORY_NAME,빙결 유적 힘의 부적,RECIPE_NAME,TUNABLE,TRUE
ko-KR,TXT_REC_EQ_T5_WARRIOR_WEAPON_NAME,빙결 유적 검,RECIPE_NAME,TUNABLE,TRUE
ko-KR,TXT_REC_EQ_T5_WISDOM_ACCESSORY_NAME,빙결 유적 지혜의 펜던트,RECIPE_NAME,TUNABLE,TRUE
ko-KR,TXT_REC_POT_ANTIDOTE_NAME,해독제,RECIPE_NAME,TUNABLE,TRUE
ko-KR,TXT_REC_POT_FROST_RESIST_NAME,빙결 저항약,RECIPE_NAME,TUNABLE,TRUE
ko-KR,TXT_REC_POT_HEAL_LARGE_NAME,상급 회복 포션,RECIPE_NAME,TUNABLE,TRUE
ko-KR,TXT_REC_POT_HEAL_MEDIUM_NAME,중급 회복 포션,RECIPE_NAME,TUNABLE,TRUE
ko-KR,TXT_REC_POT_HEAL_SMALL_NAME,하급 회복 포션,RECIPE_NAME,TUNABLE,TRUE
ko-KR,TXT_REC_POT_POISON_RESIST_NAME,독 저항약,RECIPE_NAME,TUNABLE,TRUE
ko-KR,TXT_REC_POT_RAID_POWER_NAME,레이드 전투약,RECIPE_NAME,TUNABLE,TRUE
ko-KR,TXT_REF_ATK_POWER_NAME,공격력 증가,REFINE_OPTION_NAME,TUNABLE,TRUE
ko-KR,TXT_REF_BOSS_NAME,보스 피해,REFINE_OPTION_NAME,TUNABLE,TRUE
ko-KR,TXT_REF_CRIT_NAME,치명타 확률,REFINE_OPTION_NAME,TUNABLE,TRUE
ko-KR,TXT_REF_DEF_NAME,방어력 증가,REFINE_OPTION_NAME,TUNABLE,TRUE
ko-KR,TXT_REF_FIRE_NAME,화염 피해,REFINE_OPTION_NAME,TUNABLE,TRUE
ko-KR,TXT_REF_FROST_NAME,빙결 저항,REFINE_OPTION_NAME,TUNABLE,TRUE
ko-KR,TXT_REF_HP_NAME,최대 체력 증가,REFINE_OPTION_NAME,TUNABLE,TRUE
ko-KR,TXT_REF_MATERIAL_NAME,재료 추가 획득,REFINE_OPTION_NAME,TUNABLE,TRUE
ko-KR,TXT_REF_PART_NAME,부위 파괴 피해,REFINE_OPTION_NAME,TUNABLE,TRUE
ko-KR,TXT_REF_POISON_NAME,독 피해·저항,REFINE_OPTION_NAME,TUNABLE,TRUE
ko-KR,TXT_REF_RARE_FIND_NAME,희귀 재료 발견,REFINE_OPTION_NAME,TUNABLE,TRUE
ko-KR,TXT_REGION_R01_NAME,왕국 외곽 초원,REGION_NAME,CONFIRMED,TRUE
ko-KR,TXT_REGION_R02_NAME,어둠숲,REGION_NAME,CONFIRMED,TRUE
ko-KR,TXT_REGION_R03_NAME,버려진 광산,REGION_NAME,CONFIRMED,TRUE
ko-KR,TXT_REGION_R04_NAME,독안개 늪지,REGION_NAME,CONFIRMED,TRUE
ko-KR,TXT_REGION_R05_NAME,얼어붙은 유적,REGION_NAME,CONFIRMED,TRUE
ko-KR,TXT_ROSTER_CAP_V1_DESCRIPTION,1.0 보유 상한,RUNTIME_CONFIG_DESCRIPTION,TUNABLE,TRUE
ko-KR,TXT_SK_ARC_HUNTER_EYE_DESCRIPTION,정예·보스 약점 피해 증가,SKILL_DESCRIPTION,CONFIRMED,TRUE
ko-KR,TXT_SK_ARC_HUNTER_EYE_NAME,사냥꾼의 눈,SKILL_NAME,CONFIRMED,TRUE
ko-KR,TXT_SK_ARC_PIERCE_DESCRIPTION,직선상의 적 관통,SKILL_DESCRIPTION,CONFIRMED,TRUE
ko-KR,TXT_SK_ARC_PIERCE_NAME,관통 화살,SKILL_NAME,CONFIRMED,TRUE
ko-KR,TXT_SK_ARC_QUICK_SHOT_DESCRIPTION,빠른 원거리 공격,SKILL_DESCRIPTION,CONFIRMED,TRUE
ko-KR,TXT_SK_ARC_QUICK_SHOT_NAME,속사,SKILL_NAME,CONFIRMED,TRUE
ko-KR,TXT_SK_CLE_BARRIER_DESCRIPTION,피해 흡수 보호막,SKILL_DESCRIPTION,CONFIRMED,TRUE
ko-KR,TXT_SK_CLE_BARRIER_NAME,보호막,SKILL_NAME,CONFIRMED,TRUE
ko-KR,TXT_SK_CLE_BLESSING_DESCRIPTION,공격·방어 보조 버프,SKILL_DESCRIPTION,CONFIRMED,TRUE
ko-KR,TXT_SK_CLE_BLESSING_NAME,축복,SKILL_NAME,CONFIRMED,TRUE
ko-KR,TXT_SK_CLE_HEAL_DESCRIPTION,가장 체력이 낮은 아군 회복,SKILL_DESCRIPTION,CONFIRMED,TRUE
ko-KR,TXT_SK_CLE_HEAL_NAME,치유,SKILL_NAME,CONFIRMED,TRUE
ko-KR,TXT_SK_GUA_FORTRESS_DESCRIPTION,일정 시간 방어력 증가,SKILL_DESCRIPTION,CONFIRMED,TRUE
ko-KR,TXT_SK_GUA_FORTRESS_NAME,요새 태세,SKILL_NAME,CONFIRMED,TRUE
ko-KR,TXT_SK_GUA_GUARD_MARK_DESCRIPTION,낮은 체력 아군 피해 일부 대신 받음,SKILL_DESCRIPTION,CONFIRMED,TRUE
ko-KR,TXT_SK_GUA_GUARD_MARK_NAME,수호 표식,SKILL_NAME,CONFIRMED,TRUE
ko-KR,TXT_SK_GUA_TAUNT_DESCRIPTION,주변 적의 위협도를 집중,SKILL_DESCRIPTION,CONFIRMED,TRUE
ko-KR,TXT_SK_GUA_TAUNT_NAME,방패 도발,SKILL_NAME,CONFIRMED,TRUE
ko-KR,TXT_SK_MAG_FIRE_BURST_DESCRIPTION,범위 화염 피해,SKILL_DESCRIPTION,CONFIRMED,TRUE
ko-KR,TXT_SK_MAG_FIRE_BURST_NAME,화염 폭발,SKILL_NAME,CONFIRMED,TRUE
ko-KR,TXT_SK_MAG_FROST_NOVA_DESCRIPTION,범위 피해와 이동 둔화,SKILL_DESCRIPTION,CONFIRMED,TRUE
ko-KR,TXT_SK_MAG_FROST_NOVA_NAME,서리 파동,SKILL_NAME,CONFIRMED,TRUE
ko-KR,TXT_SK_MAG_MANA_FLOW_DESCRIPTION,스킬 재사용 대기시간 소폭 감소,SKILL_DESCRIPTION,CONFIRMED,TRUE
ko-KR,TXT_SK_MAG_MANA_FLOW_NAME,마력 순환,SKILL_NAME,CONFIRMED,TRUE
ko-KR,TXT_SK_WAR_BATTLE_RUSH_DESCRIPTION,대상에게 돌진하고 짧게 경직,SKILL_DESCRIPTION,CONFIRMED,TRUE
ko-KR,TXT_SK_WAR_BATTLE_RUSH_NAME,전투 돌진,SKILL_NAME,CONFIRMED,TRUE
ko-KR,TXT_SK_WAR_HEAVY_SLASH_DESCRIPTION,대상에게 강한 물리 피해,SKILL_DESCRIPTION,CONFIRMED,TRUE
ko-KR,TXT_SK_WAR_HEAVY_SLASH_NAME,강타,SKILL_NAME,CONFIRMED,TRUE
ko-KR,TXT_SK_WAR_TENACITY_DESCRIPTION,체력이 낮을수록 피해 감소,SKILL_DESCRIPTION,CONFIRMED,TRUE
ko-KR,TXT_SK_WAR_TENACITY_NAME,강인함,SKILL_NAME,CONFIRMED,TRUE
ko-KR,TXT_STATUS_BARRIER_NAME,보호막,STATUS_EFFECT_NAME,TUNABLE,TRUE
ko-KR,TXT_STATUS_BLESSING_NAME,축복,STATUS_EFFECT_NAME,TUNABLE,TRUE
ko-KR,TXT_STATUS_BURN_NAME,화상,STATUS_EFFECT_NAME,TUNABLE,TRUE
ko-KR,TXT_STATUS_POISON_NAME,중독,STATUS_EFFECT_NAME,TUNABLE,TRUE
ko-KR,TXT_STATUS_SLOW_NAME,둔화,STATUS_EFFECT_NAME,TUNABLE,TRUE
ko-KR,TXT_STATUS_TAUNT_NAME,도발,STATUS_EFFECT_NAME,TUNABLE,TRUE
ko-KR,TXT_STORE_PRICE_HIGH_DESCRIPTION,고가 정책,RUNTIME_CONFIG_DESCRIPTION,TUNABLE,TRUE
ko-KR,TXT_STORE_PRICE_LOW_DESCRIPTION,저가 정책,RUNTIME_CONFIG_DESCRIPTION,TUNABLE,TRUE
ko-KR,TXT_STORE_PRICE_STANDARD_DESCRIPTION,표준 정책,RUNTIME_CONFIG_DESCRIPTION,TUNABLE,TRUE
ko-KR,TXT_TRAIT_ARCANE_DESCRIPTION,마법·신성 효과가 증가한다.,TRAIT_DESCRIPTION,TUNABLE,TRUE
ko-KR,TXT_TRAIT_ARCANE_NAME,마력 친화,TRAIT_NAME,TUNABLE,TRUE
ko-KR,TXT_TRAIT_BOSS_HUNTER_DESCRIPTION,보스 피해가 증가한다.,TRAIT_DESCRIPTION,TUNABLE,TRUE
ko-KR,TXT_TRAIT_BOSS_HUNTER_NAME,거수 사냥꾼,TRAIT_NAME,TUNABLE,TRUE
ko-KR,TXT_TRAIT_FROSTBORN_DESCRIPTION,빙결 피해와 둔화가 감소한다.,TRAIT_DESCRIPTION,TUNABLE,TRUE
ko-KR,TXT_TRAIT_FROSTBORN_NAME,설원의 자식,TRAIT_NAME,TUNABLE,TRUE
ko-KR,TXT_TRAIT_KEEN_EYE_DESCRIPTION,치명타 확률이 증가한다.,TRAIT_DESCRIPTION,TUNABLE,TRUE
ko-KR,TXT_TRAIT_KEEN_EYE_NAME,예리한 눈,TRAIT_NAME,TUNABLE,TRUE
ko-KR,TXT_TRAIT_LUCKY_DESCRIPTION,희귀 재료 발견 확률이 증가한다.,TRAIT_DESCRIPTION,TUNABLE,TRUE
ko-KR,TXT_TRAIT_LUCKY_NAME,행운아,TRAIT_NAME,TUNABLE,TRUE
ko-KR,TXT_TRAIT_POISON_RESIST_DESCRIPTION,독 피해와 지속시간이 감소한다.,TRAIT_DESCRIPTION,TUNABLE,TRUE
ko-KR,TXT_TRAIT_POISON_RESIST_NAME,독 내성,TRAIT_NAME,TUNABLE,TRUE
ko-KR,TXT_TRAIT_SCAVENGER_DESCRIPTION,재료 추가 획득 확률이 증가한다.,TRAIT_DESCRIPTION,TUNABLE,TRUE
ko-KR,TXT_TRAIT_SCAVENGER_NAME,수집가,TRAIT_NAME,TUNABLE,TRUE
ko-KR,TXT_TRAIT_STRONG_DESCRIPTION,힘이 증가한다.,TRAIT_DESCRIPTION,TUNABLE,TRUE
ko-KR,TXT_TRAIT_STRONG_NAME,완력,TRAIT_NAME,TUNABLE,TRUE
ko-KR,TXT_TRAIT_STURDY_DESCRIPTION,최대 체력이 증가한다.,TRAIT_DESCRIPTION,TUNABLE,TRUE
ko-KR,TXT_TRAIT_STURDY_NAME,튼튼함,TRAIT_NAME,TUNABLE,TRUE
ko-KR,TXT_TRAIT_SURVIVOR_DESCRIPTION,더 안전한 시점에 귀환한다.,TRAIT_DESCRIPTION,TUNABLE,TRUE
ko-KR,TXT_TRAIT_SURVIVOR_NAME,생존 본능,TRAIT_NAME,TUNABLE,TRUE
ko-KR,UI_FACILITY_STOP_MATERIAL,재료 부족으로 생산이 중단되었습니다.,CORE,CONFIRMED,TRUE
ko-KR,UI_FACILITY_STOP_NPC,담당 NPC가 없어 시설이 멈췄습니다.,CORE,CONFIRMED,TRUE
ko-KR,UI_NAV_CRAFT,제작,CORE,CONFIRMED,TRUE
ko-KR,UI_NAV_KINGDOM,왕국,CORE,CONFIRMED,TRUE
ko-KR,UI_NAV_MENU,메뉴,CORE,CONFIRMED,TRUE
ko-KR,UI_NAV_MERCENARY,용병,CORE,CONFIRMED,TRUE
ko-KR,UI_NAV_RECRUIT,모집,CORE,CONFIRMED,TRUE
ko-KR,UI_NAV_REGION,지역,CORE,CONFIRMED,TRUE
ko-KR,UI_PROMOTION_READY,승급 가능,CORE,CONFIRMED,TRUE
ko-KR,UI_RAID_ROLE_WARNING,권장 역할이 부족합니다.,CORE,CONFIRMED,TRUE
ko-KR,UI_RECRUIT_ROSTER_FULL,용병 보유 슬롯이 부족합니다.,CORE,CONFIRMED,TRUE
ko-KR,UI_REGION_LOCK_RANK,용병 성장 랭크가 부족합니다.,CORE,CONFIRMED,TRUE
ko-KR,UI_STATE_EMPTY,표시할 내용이 없습니다.,CORE,CONFIRMED,TRUE
ko-KR,UI_STATE_ERROR,처리 중 문제가 발생했습니다.,CORE,CONFIRMED,TRUE
ko-KR,UI_STATE_LOADING,불러오는 중입니다.,CORE,CONFIRMED,TRUE
ko-KR,UI_STATE_OFFLINE,오프라인 상태입니다.,CORE,CONFIRMED,TRUE
